,Prediction
0,1.0
1,1.0
2,3.0
3,22.0
4,55.0
5,1.0
6,2.0
7,1.0
8,3.0
9,9.0
10,47.0
11,4.0
12,5.0
13,1.0
14,1.0
15,1.0
16,1.0
17,1.0
18,2.0
19,4.0
20,2.0
21,35.0
22,1.0
23,3.0
24,1.0
25,1.0
26,1.0
27,16.0
28,3.0
29,9.0
30,1.0
31,7219.0
32,2.0
33,1.0
34,4.0
35,1.0
36,1.0
37,1.0
38,1.0
39,1.0
40,5.0
41,4.0
42,1.0
43,1.0
44,2.0
45,1.0
46,44.0
47,1.0
48,3.0
49,2.0
50,1.0
51,1.0
52,1.0
53,10.0
54,1.0
55,29.0
57,1.0
58,2.0
59,1.0
60,1.0
61,673.0
62,1.0
63,1.0
64,5.0
65,1.0
66,2.0
67,2.0
68,4.0
69,1.0
70,1.0
71,13.0
72,1.0
73,45.0
74,33.0
75,1.0
76,2.0
77,2.0
78,5.0
79,2.0
80,12.0
81,1.0
82,30.0
83,1.0
84,8.0
85,1.0
86,1.0
87,61.0
88,2.0
89,33.0
90,2.0
91,2.0
92,1.0
93,116.0
94,1.0
95,1.0
96,3.0
97,28.0
98,1.0
99,4.0
100,7.0
101,107.0
102,683.0
103,1.0
104,1.0
105,2.0
106,2.0
107,1.0
108,1.0
109,2.0
110,1.0
111,10.0
112,74.0
113,1.0
114,1.0
115,1.0
116,2.0
117,4.0
118,1.0
119,1.0
120,1.0
121,5.0
122,22.0
123,9.0
124,1.0
125,1.0
126,4.0
127,2.0
128,17.0
129,2.0
130,2.0
131,1.0
132,1.0
133,15.0
134,1.0
135,1.0
136,12.0
137,1.0
138,5.0
139,4.0
140,1.0
141,1.0
142,83.0
143,1.0
144,1.0
145,1.0
146,1.0
147,1.0
148,20.0
149,2.0
150,1.0
151,2.0
152,2.0
153,2.0
154,722.0
155,1.0
156,3.0
157,143638.0
158,1.0
159,3.0
160,3.0
161,54.0
162,1.0
163,1.0
164,4.0
165,1.0
166,83.0
167,1.0
168,1.0
169,3.0
170,13.0
171,8.0
172,11.0
173,5.0
174,1.0
175,2.0
176,4.0
177,2.0
178,3.0
179,1.0
180,1.0
181,1.0
182,2.0
183,1.0
184,1.0
185,2.0
186,3.0
187,1.0
189,5.0
190,5.0
191,5.0
192,22.0
193,1.0
194,1.0
195,8.0
196,1.0
197,4.0
198,1.0
199,10.0
200,2.0
201,47.0
202,2.0
203,1.0
204,1.0
205,6.0
206,1.0
207,2.0
208,7.0
209,8.0
210,1.0
211,27.0
212,12.0
213,1.0
214,1.0
215,5931.0
216,1.0
217,3.0
218,1.0
219,2.0
220,1.0
221,1.0
222,1.0
223,3.0
224,1.0
225,1.0
226,1.0
227,1.0
228,3.0
229,2.0
230,1.0
231,2.0
232,3.0
233,16.0
234,25.0
235,1.0
236,3.0
237,32.0
238,1.0
239,2.0
240,1.0
241,1.0
242,2.0
243,1.0
244,1.0
245,1.0
246,1.0
247,1.0
248,7.0
249,11.0
250,1.0
251,1076.0
252,1.0
253,1.0
254,1.0
255,1.0
256,3.0
257,1.0
258,1.0
259,1.0
260,1.0
261,1.0
262,11.0
263,13.0
264,8.0
265,1.0
266,1.0
267,1.0
268,4.0
269,1.0
270,4.0
271,9.0
272,3.0
273,1.0
274,184.0
275,1.0
276,2.0
277,1.0
278,8859.0
279,1.0
280,2.0
281,1.0
282,26.0
283,3.0
284,2.0
285,2.0
286,12.0
287,1.0
288,1.0
289,1.0
290,8.0
291,2.0
292,3.0
293,7.0
294,1.0
295,2.0
296,7.0
297,1.0
298,2.0
299,1.0
300,1.0
301,1.0
302,3.0
303,1.0
304,3.0
305,3.0
306,2.0
307,19.0
308,1.0
309,1567.0
310,1.0
311,1.0
312,1.0
313,1.0
314,851.0
315,1.0
316,1.0
317,1.0
318,1.0
319,5.0
320,1.0
321,2.0
322,1.0
323,1.0
324,11.0
325,2.0
326,1.0
327,2.0
328,1.0
329,359.0
330,7.0
331,2.0
332,41.0
333,1.0
334,1.0
335,3.0
336,1.0
337,1.0
338,1.0
339,6.0
340,9.0
341,1.0
342,2.0
343,9.0
344,4.0
345,1.0
346,6.0
347,3.0
349,2.0
350,6.0
351,5.0
352,3.0
353,1.0
354,3477.0
355,19852.0
356,1.0
357,3.0
358,1.0
359,18.0
360,1.0
361,1.0
362,40.0
363,1.0
364,1.0
365,1.0
366,1.0
367,4.0
368,3.0
369,3.0
370,1.0
371,1.0
372,1.0
373,1.0
374,1.0
375,1.0
376,9.0
377,2620.0
378,4.0
379,1.0
380,1.0
381,3.0
382,2.0
383,3.0
384,2.0
385,1.0
386,3.0
387,6.0
388,4.0
389,1.0
390,1.0
391,2.0
392,6.0
393,20.0
395,1.0
396,2.0
397,1.0
398,7.0
399,4.0
400,1.0
401,1.0
402,15.0
403,14.0
404,1.0
405,2.0
406,83.0
407,18.0
408,1.0
409,1.0
410,1.0
411,13.0
412,1.0
413,11.0
414,2.0
415,1.0
416,1.0
417,1.0
418,10.0
419,1.0
420,2.0
421,374.0
422,1.0
423,2.0
424,4.0
425,8.0
426,1.0
427,6.0
428,4.0
429,109.0
430,1.0
431,3.0
432,3.0
433,3.0
434,1.0
435,22.0
436,12.0
437,3.0
438,1.0
439,2.0
440,1.0
441,27.0
442,1.0
443,1.0
444,2.0
445,1.0
446,1.0
447,3.0
448,20.0
449,1.0
450,9.0
451,22.0
452,12.0
453,2.0
454,1.0
455,1.0
456,2.0
457,1.0
458,8.0
459,1.0
460,2.0
461,1.0
462,1.0
463,1.0
464,1.0
465,1.0
466,1.0
467,3.0
468,2.0
469,7.0
470,1.0
471,9.0
472,851.0
473,3.0
475,4454.0
476,3.0
477,2.0
478,2.0
479,1.0
480,31.0
482,13.0
483,1.0
484,1.0
485,1.0
486,3.0
487,194.0
488,9.0
490,2.0
491,13.0
492,15.0
493,3.0
494,1.0
495,1.0
496,1.0
497,1.0
498,2.0
499,1.0
500,93.0
501,5.0
502,1.0
503,7.0
504,17.0
505,1.0
506,6985.0
507,1.0
508,7.0
509,25.0
510,1.0
511,1.0
512,2210.0
513,1.0
514,851.0
515,1414.0
516,159.0
517,3.0
518,3.0
519,2.0
520,72.0
521,2.0
522,5.0
523,2.0
524,5.0
525,46.0
526,2.0
527,7.0
528,1.0
529,1.0
530,3.0
531,1.0
532,1.0
533,4.0
534,1.0
535,10.0
536,1.0
537,20.0
538,9.0
539,2.0
540,3.0
541,1.0
542,3.0
543,1.0
544,10.0
545,1.0
546,2.0
547,1.0
548,2.0
549,1.0
550,4.0
551,1.0
552,1.0
553,1.0
554,10.0
555,1.0
556,2.0
557,2.0
558,1.0
559,2.0
560,8.0
561,1.0
562,851.0
563,1.0
564,3.0
566,3.0
567,1.0
568,1.0
569,1.0
570,3.0
571,1.0
572,1.0
573,1.0
574,1.0
575,2.0
576,1.0
577,3.0
578,4700.0
579,1.0
580,1.0
581,1.0
582,1.0
583,2.0
584,2.0
585,2.0
586,2.0
587,1.0
588,1.0
589,4.0
590,6.0
591,26.0
592,2.0
593,6.0
594,2.0
595,2.0
596,3.0
597,1.0
598,1.0
599,1.0
600,4.0
601,1.0
602,12.0
603,1.0
604,5.0
605,7.0
606,2.0
607,4.0
608,48.0
609,1.0
610,2.0
611,650.0
612,12.0
613,530.0
614,2.0
615,2.0
616,8.0
617,1.0
618,10.0
619,26.0
620,2.0
621,1.0
622,1.0
623,1.0
624,1.0
625,1.0
626,44.0
627,3.0
628,1.0
629,2.0
630,1.0
631,4.0
632,69.0
633,2.0
634,1.0
635,1.0
636,19.0
637,1.0
638,4.0
639,1.0
640,1.0
641,6.0
642,1.0
643,22.0
644,1.0
645,1.0
646,1.0
647,1.0
648,1.0
649,355.0
650,1.0
651,5.0
652,1.0
653,1.0
654,1.0
655,4.0
656,1.0
657,1.0
658,2.0
659,3.0
660,2.0
661,32.0
662,2.0
663,3.0
664,2.0
665,2.0
666,2.0
667,1.0
668,1.0
669,1.0
670,4.0
671,1.0
672,1.0
673,1.0
674,6.0
675,39.0
676,1.0
677,1.0
678,3.0
679,1.0
680,1.0
681,22.0
682,2.0
683,9.0
684,1.0
685,7.0
686,3.0
687,2.0
688,1.0
689,1.0
690,1.0
691,3.0
692,2.0
693,3.0
694,5.0
695,1.0
696,25.0
697,453.0
698,4.0
699,1.0
700,2.0
701,1.0
702,11.0
703,1.0
704,1.0
705,1.0
706,18.0
707,1.0
708,2.0
709,3.0
710,851.0
711,11.0
712,4.0
713,4.0
714,6.0
715,1.0
716,42.0
717,1.0
718,2.0
719,8.0
720,1.0
721,9.0
722,1.0
723,1.0
724,1.0
725,335.0
726,2.0
727,5.0
728,7.0
729,1.0
730,837.0
731,21.0
732,10.0
733,1.0
734,9.0
735,1.0
736,426.0
737,6.0
738,42.0
739,90.0
740,1.0
741,1.0
742,9.0
743,1.0
744,2.0
745,1.0
746,2.0
747,2.0
748,1.0
749,16.0
750,10.0
751,2.0
752,1.0
753,2.0
754,1.0
755,7.0
756,2.0
757,1.0
758,1.0
759,9.0
760,1.0
761,827.0
762,1.0
763,2.0
764,7.0
765,1.0
766,7.0
767,1.0
768,4.0
770,3.0
771,2.0
772,3.0
773,5.0
775,3.0
777,11.0
778,1.0
779,1.0
780,2.0
781,9.0
782,1.0
783,1.0
784,5.0
785,1.0
786,31.0
787,22.0
788,8.0
789,1.0
790,1.0
791,3.0
792,1.0
793,5.0
794,1.0
795,1.0
796,9.0
797,1.0
798,1.0
799,3.0
800,1.0
801,1.0
803,1.0
805,2.0
806,1.0
807,2.0
808,1.0
809,3.0
810,1.0
811,3.0
812,3.0
813,7.0
814,3.0
815,1.0
816,3.0
817,8.0
818,1.0
819,17.0
820,33.0
821,1.0
822,1.0
823,6.0
824,2.0
825,2.0
826,1.0
827,2.0
828,2.0
829,1.0
830,2.0
831,1.0
832,1.0
833,19.0
834,12.0
835,1.0
836,1.0
837,3.0
838,2.0
839,7.0
840,2.0
841,45.0
842,8.0
844,5.0
845,2.0
846,1.0
847,39.0
848,1.0
849,1.0
850,1.0
851,48.0
852,87.0
853,1.0
854,1.0
855,5.0
856,1.0
857,5.0
858,4.0
859,180.0
860,1.0
861,1.0
863,4.0
864,15.0
865,2.0
866,53.0
867,5.0
868,1.0
869,5.0
870,10.0
871,1.0
872,1.0
873,50.0
874,5.0
875,2.0
876,3.0
877,5.0
878,1.0
879,2.0
880,1897.0
881,5.0
883,1.0
884,4.0
885,39.0
886,6.0
887,3.0
888,2.0
889,1.0
890,1.0
891,4.0
892,3.0
893,33.0
894,2.0
895,2.0
896,2.0
897,1.0
898,1.0
899,2.0
900,1.0
901,1.0
902,10.0
903,3.0
904,2.0
905,1.0
906,1.0
907,5.0
909,1.0
910,1.0
911,1.0
912,1.0
913,1.0
914,19.0
915,8.0
916,33.0
917,6.0
918,1.0
919,2.0
920,3.0
921,3.0
922,1.0
923,2.0
924,1.0
925,14.0
926,33.0
927,2.0
928,4.0
929,1.0
930,2.0
931,3.0
932,4.0
933,1.0
934,1.0
935,42.0
936,2.0
937,1.0
938,2.0
939,2.0
940,2.0
941,1.0
942,1.0
943,1.0
944,1.0
945,2.0
946,1.0
947,4.0
948,18.0
949,2.0
950,2.0
951,1.0
952,2.0
953,1.0
955,1.0
956,1.0
957,1.0
958,7.0
959,6.0
960,1.0
961,3.0
962,1.0
963,1.0
965,3.0
966,2.0
967,1.0
968,48.0
969,837.0
970,7.0
971,1.0
972,3.0
973,1.0
974,5.0
975,15.0
976,15.0
977,58.0
978,12.0
979,2.0
980,1.0
981,44.0
983,648908.0
984,3.0
985,1.0
986,4.0
987,37.0
988,3.0
989,1.0
990,3.0
991,1200.0
992,1.0
993,4.0
994,2.0
995,1.0
996,2.0
997,1.0
998,8122.0
999,1.0
1000,116.0
1001,2.0
1002,31.0
1003,691.0
1004,1.0
1005,1.0
1006,1.0
1007,3.0
1008,1.0
1009,1.0
1010,1.0
1011,1.0
1012,1.0
1013,10.0
1014,3.0
1015,28.0
1016,2.0
1017,1.0
1018,1.0
1019,149.0
1020,2.0
1021,1.0
1022,18.0
1023,1.0
1024,176.0
1025,2.0
1027,1.0
1028,1.0
1029,1.0
1030,1.0
1031,2.0
1032,1.0
1033,20.0
1034,1.0
1035,1.0
1036,9.0
1037,2.0
1038,2.0
1039,4.0
1040,1.0
1041,16.0
1042,1.0
1043,9.0
1044,1.0
1045,1.0
1046,6.0
1047,8.0
1048,1.0
1049,1.0
1050,160.0
1051,1.0
1052,1.0
1053,2.0
1054,1.0
1055,2210.0
1056,28.0
1057,1.0
1058,1.0
1059,1.0
1060,2.0
1061,4.0
1062,577.0
1063,2.0
1064,106.0
1065,1.0
1066,2.0
1067,2.0
1068,1.0
1069,1.0
1070,1.0
1071,1.0
1072,20.0
1073,1.0
1074,4.0
1076,1.0
1077,1.0
1078,2.0
1079,1.0
1080,12.0
1081,4.0
1082,11.0
1083,8.0
1084,7.0
1085,1.0
1086,1.0
1087,3.0
1088,17.0
1089,1.0
1090,5.0
1091,64.0
1092,1.0
1093,4.0
1094,5.0
1095,2.0
1096,1.0
1097,7.0
1098,2.0
1099,1.0
1100,1.0
1101,1.0
1102,1.0
1103,16.0
1104,1.0
1105,1.0
1106,1.0
1107,1.0
1108,220202.0
1109,4.0
1110,8.0
1111,1.0
1112,1.0
1113,1.0
1114,2.0
1115,22.0
1116,1.0
1117,6.0
1118,1.0
1119,28.0
1120,18.0
1121,3.0
1122,1.0
1123,2.0
1124,1.0
1125,4.0
1126,5.0
1127,1.0
1128,1.0
1129,1.0
1130,12.0
1131,17.0
1132,2.0
1133,2.0
1134,1.0
1135,1.0
1136,1.0
1137,1.0
1138,12.0
1139,4.0
1140,2.0
1141,1.0
1142,4.0
1143,1.0
1144,2.0
1145,1.0
1146,3.0
1147,1.0
1148,2.0
1149,37.0
1150,1.0
1151,2.0
1152,1.0
1153,1.0
1154,1.0
1155,1.0
1156,3.0
1157,8.0
1159,6.0
1160,3.0
1161,1.0
1162,1.0
1163,3.0
1164,2316.0
1165,1.0
1166,119.0
1167,1.0
1168,3.0
1169,2.0
1170,4.0
1171,1.0
1172,2.0
1173,1.0
1174,1.0
1175,2.0
1176,3.0
1177,39.0
1178,1.0
1179,2.0
1180,1.0
1181,1.0
1182,2.0
1183,1.0
1184,1.0
1185,1.0
1186,1.0
1187,8859.0
1188,1.0
1189,2.0
1190,3.0
1191,1.0
1192,1.0
1193,4.0
1194,1.0
1195,1.0
1196,6.0
1197,4.0
1198,1.0
1199,3.0
1200,2.0
1201,1.0
1202,7.0
1203,8.0
1204,876.0
1205,5.0
1206,2.0
1207,21.0
1208,1.0
1209,1.0
1210,1.0
1211,1.0
1212,1.0
1213,1.0
1214,119.0
1215,1.0
1216,1.0
1217,1.0
1218,2.0
1219,1.0
1220,2.0
1221,6.0
1222,3.0
1223,14.0
1224,1.0
1225,1.0
1226,2.0
1227,1.0
1228,1.0
1229,2.0
1230,2.0
1231,1.0
1232,6.0
1234,335.0
1235,1.0
1236,7.0
1237,2.0
1238,326.0
1239,1147.0
1240,6.0
1241,1.0
1242,7.0
1243,2.0
1244,1.0
1245,2.0
1246,1.0
1247,2.0
1248,1.0
1249,3.0
1250,1.0
1251,1.0
1252,7.0
1253,19.0
1254,3.0
1255,673.0
1256,14.0
1257,10.0
1258,3.0
1259,8859.0
1260,1.0
1261,3.0
1262,1.0
1263,28.0
1264,1.0
1265,2.0
1266,2.0
1267,1.0
1268,2.0
1269,1.0
1270,5.0
1271,1.0
1272,1.0
1273,1.0
1274,11.0
1275,851.0
1276,3.0
1277,35.0
1278,2.0
1279,1.0
1280,11.0
1281,1.0
1283,1.0
1284,5.0
1285,2.0
1286,4.0
1287,1699.0
1289,3.0
1290,3.0
1291,6.0
1292,1.0
1293,1.0
1294,1.0
1295,2.0
1296,3.0
1297,2.0
1298,1.0
1299,4.0
1300,12.0
1302,2.0
1303,2.0
1304,1.0
1305,1.0
1306,24.0
1307,1.0
1308,2.0
1309,1.0
1310,1.0
1311,22.0
1312,1.0
1313,1.0
1314,5.0
1315,5.0
1316,3.0
1317,143638.0
1318,6.0
1319,5.0
1320,1.0
1321,2.0
1322,15.0
1323,55.0
1324,851.0
1325,3.0
1326,1.0
1327,1.0
1328,1.0
1329,3.0
1330,255.0
1331,5.0
1332,8.0
1333,2.0
1334,12.0
1335,1.0
1336,2.0
1337,1.0
1338,1.0
1339,1.0
1340,1.0
1341,1.0
1342,256.0
1343,2.0
1344,6.0
1345,3.0
1346,7.0
1347,1.0
1348,1.0
1349,1.0
1350,1.0
1351,1.0
1352,2.0
1353,3.0
1354,6.0
1355,3.0
1356,2.0
1357,1.0
1358,2.0
1359,2.0
1360,10.0
1361,1.0
1363,1.0
1364,1.0
1365,1.0
1366,3.0
1367,1.0
1368,1.0
1369,33.0
1371,1.0
1372,2.0
1373,1.0
1374,1.0
1375,2.0
1376,1.0
1377,64985.0
1378,35.0
1379,3.0
1380,5.0
1381,4.0
1382,10.0
1383,9.0
1384,2.0
1385,1.0
1386,12.0
1387,1.0
1388,5.0
1389,1.0
1390,1.0
1391,1.0
1392,1.0
1393,9.0
1394,1.0
1395,1.0
1396,2.0
1397,4.0
1398,12.0
1399,785.0
1400,43.0
1402,1.0
1403,26.0
1404,1.0
1405,1.0
1406,2.0
1407,7.0
1408,5.0
1409,2.0
1410,42.0
1411,15.0
1412,19.0
1413,1.0
1415,1.0
1416,3.0
1417,1.0
1419,3.0
1420,2.0
1421,1.0
1422,1.0
1423,2.0
1424,107.0
1425,3.0
1426,2.0
1427,1.0
1428,1.0
1429,6.0
1430,1.0
1431,1.0
1432,1.0
1433,1.0
1434,1.0
1435,3477.0
1436,1.0
1437,5.0
1438,7.0
1439,1.0
1440,2.0
1441,4.0
1442,1.0
1443,2.0
1444,1.0
1446,1.0
1447,1.0
1448,12.0
1449,2.0
1450,1.0
1451,1.0
1452,14.0
1453,1.0
1454,2.0
1455,4.0
1456,1.0
1457,5.0
1458,4.0
1459,1.0
1460,14.0
1461,1.0
1462,12.0
1463,1.0
1464,2032.0
1465,1.0
1466,1.0
1467,5.0
1468,5.0
1469,2.0
1470,3.0
1471,2.0
1472,3.0
1473,1.0
1474,3.0
1475,19.0
1476,1.0
1477,1.0
1478,1.0
1479,3.0
1480,1.0
1481,1.0
1483,1.0
1484,43.0
1485,50.0
1486,2.0
1487,7.0
1488,2.0
1489,1.0
1490,1.0
1491,1.0
1492,1.0
1493,2.0
1494,1.0
1495,7.0
1496,16.0
1497,5.0
1498,1.0
1499,4.0
1500,6.0
1501,2.0
1502,42.0
1503,1.0
1504,1.0
1505,1.0
1506,1.0
1507,1.0
1508,2.0
1509,1.0
1510,64.0
1511,2.0
1512,4.0
1513,1.0
1514,3.0
1515,1.0
1516,46.0
1517,1.0
1518,1.0
1519,7.0
1520,1.0
1521,1.0
1522,3.0
1523,2.0
1524,1.0
1525,1.0
1526,2.0
1527,3.0
1528,19.0
1529,1.0
1530,4.0
1531,2.0
1532,16.0
1533,3.0
1534,1.0
1535,1.0
1536,3.0
1537,3.0
1538,2.0
1539,1.0
1540,18.0
1541,1.0
1542,1.0
1543,1.0
1544,1.0
1545,24.0
1546,7.0
1547,5.0
1548,1.0
1549,1.0
1551,1.0
1552,1.0
1553,2.0
1554,1.0
1555,27.0
1556,1.0
1557,1.0
1558,1.0
1560,22646.0
1561,1.0
1562,1.0
1563,226.0
1564,2.0
1565,1.0
1566,9.0
1567,2.0
1568,1.0
1569,2.0
1570,1.0
1571,1.0
1572,1.0
1573,9318.0
1574,2.0
1575,4.0
1576,3.0
1577,19.0
1578,3.0
1579,2.0
1580,3.0
1581,1.0
1582,1.0
1583,1.0
1584,7.0
1585,1.0
1586,3.0
1587,42.0
1588,10.0
1589,4.0
1590,2.0
1591,1.0
1592,1.0
1593,15.0
1594,3.0
1595,1.0
1596,1.0
1597,1.0
1598,9.0
1599,4.0
1600,1.0
1601,13.0
1602,33.0
1603,1.0
1604,1.0
1605,3.0
1606,4.0
1608,2.0
1609,6.0
1610,8.0
1611,4.0
1612,9.0
1613,3.0
1614,1.0
1615,37.0
1616,131.0
1617,1.0
1618,1.0
1619,21.0
1620,1.0
1621,1.0
1622,3.0
1623,31.0
1624,2.0
1625,16.0
1626,1.0
1627,11.0
1628,1.0
1629,1.0
1630,12.0
1631,45.0
1632,785.0
1633,1.0
1634,26.0
1635,2.0
1636,3.0
1637,1.0
1638,10.0
1639,7.0
1640,2.0
1641,1.0
1642,3.0
1643,1.0
1644,1.0
1645,16.0
1646,5.0
1647,2.0
1649,1.0
1650,2.0
1651,1.0
1653,1.0
1654,5.0
1655,2.0
1656,1.0
1657,6.0
1658,1.0
1659,2.0
1660,1083.0
1661,1.0
1662,2.0
1663,1.0
1664,78.0
1665,1.0
1666,1.0
1667,4.0
1668,5.0
1669,3.0
1670,190653.0
1671,3.0
1672,4.0
1673,2.0
1674,1.0
1675,5.0
1676,2.0
1677,2.0
1678,39.0
1679,5.0
1680,1.0
1682,2.0
1683,1.0
1684,26.0
1685,5.0
1686,1.0
1688,1.0
1689,10.0
1690,16.0
1691,1.0
1692,4.0
1693,1.0
1694,9.0
1695,4.0
1696,10.0
1697,1.0
1698,1.0
1699,2.0
1700,42.0
1701,1.0
1702,2.0
1703,3.0
1704,69794.0
1705,1.0
1706,1.0
1707,5.0
1708,2.0
1709,1.0
1710,2.0
1711,8.0
1712,2.0
1713,1.0
1714,2.0
1715,1.0
1716,2.0
1717,1.0
1718,16.0
1719,1.0
1720,1.0
1721,32.0
1722,1.0
1723,18.0
1724,1.0
1725,3.0
1726,1.0
1727,1.0
1728,11.0
1729,1.0
1730,1.0
1731,8.0
1732,1.0
1733,1.0
1734,1.0
1735,3.0
1736,1.0
1737,1.0
1738,5.0
1739,3.0
1740,1.0
1741,8062.0
1742,149.0
1743,1.0
1744,2.0
1745,24.0
1746,13.0
1747,1.0
1748,2.0
1749,1.0
1750,2.0
1751,1.0
1752,1.0
1753,2.0
1754,20330.0
1755,5.0
1756,11.0
1757,119.0
1758,1.0
1759,20330.0
1760,3.0
1761,2.0
1762,2.0
1763,4.0
1764,8.0
1765,1.0
1766,1.0
1767,1.0
1768,13.0
1769,2.0
1770,1.0
1771,1.0
1772,1.0
1773,2.0
1774,2.0
1775,2.0
1776,1.0
1777,2.0
1778,3.0
1779,4.0
1780,1.0
1781,3.0
1782,1.0
1783,1.0
1784,5.0
1785,5.0
1786,3.0
1787,3.0
1788,1.0
1789,15.0
1790,1.0
1791,25.0
1792,2.0
1793,1.0
1794,1.0
1795,1.0
1796,1.0
1797,1.0
1798,5.0
1799,4.0
1800,1.0
1801,7.0
1802,1.0
1803,1.0
1804,4.0
1805,2.0
1806,1707.0
1807,4.0
1808,3.0
1809,3.0
1810,1.0
1811,2.0
1812,4.0
1813,1.0
1814,19.0
1815,2.0
1816,1.0
1817,1.0
1818,2.0
1819,4.0
1820,1.0
1821,1506.0
1822,2.0
1823,1.0
1824,876.0
1825,2.0
1826,29.0
1827,1.0
1828,3.0
1829,5.0
1830,1.0
1831,2.0
1832,3.0
1833,4.0
1834,1.0
1835,2.0
1836,4.0
1837,10.0
1838,1.0
1839,3.0
1840,7.0
1841,5.0
1842,1.0
1843,44.0
1844,1.0
1845,4.0
1846,6.0
1847,1.0
1848,2.0
1849,1.0
1850,2316.0
1851,5.0
1852,1.0
1853,4.0
1854,3.0
1855,355.0
1856,18.0
1857,5.0
1858,3.0
1859,1.0
1860,194.0
1861,33.0
1862,1.0
1863,6.0
1864,2.0
1865,2.0
1866,1.0
1867,1.0
1869,1.0
1870,1.0
1871,5.0
1872,1.0
1873,1.0
1874,6.0
1875,3.0
1876,3.0
1877,336.0
1878,2.0
1879,1.0
1880,1.0
1882,1.0
1883,18.0
1884,577.0
1885,1.0
1886,1.0
1887,4.0
1888,1.0
1889,1083.0
1890,18.0
1891,1.0
1892,90.0
1893,1.0
1894,1.0
1895,1.0
1896,5.0
1897,2.0
1898,4.0
1899,1.0
1900,14259.0
1901,1.0
1902,1.0
1903,1.0
1904,5.0
1905,2.0
1906,2.0
1907,1.0
1908,1.0
1909,1.0
1910,17.0
1911,1.0
1912,1.0
1913,3.0
1914,4.0
1915,1.0
1916,5.0
1917,8.0
1918,1.0
1919,1.0
1920,26.0
1921,2.0
1922,1.0
1923,1.0
1924,9.0
1925,1.0
1926,1.0
1927,2.0
1928,851.0
1929,3.0
1930,1.0
1931,1.0
1932,1.0
1933,1.0
1934,2.0
1935,1.0
1936,1.0
1937,7.0
1938,1.0
1939,7.0
1940,2.0
1941,3.0
1942,1.0
1943,1.0
1944,1.0
1945,3.0
1946,2.0
1947,11.0
1948,6.0
1949,2.0
1950,1.0
1951,28.0
1952,3.0
1953,2.0
1954,2.0
1955,1.0
1956,3.0
1957,1.0
1958,1.0
1959,1.0
1960,2.0
1961,1.0
1962,1998.0
1964,67985.0
1965,19.0
1966,1.0
1967,11.0
1968,2.0
1969,1.0
1970,1.0
1971,29.0
1972,1.0
1973,119.0
1974,1.0
1975,9.0
1976,19.0
1977,1.0
1978,2.0
1979,1.0
1980,18.0
1981,1.0
1982,7.0
1983,5.0
1984,1.0
1985,1.0
1986,2.0
1987,3.0
1988,7.0
1989,6.0
1990,1.0
1991,1.0
1992,7.0
1993,1.0
1994,34.0
1995,5.0
1996,2.0
1997,53.0
1998,2.0
1999,1.0
2000,36.0
2001,2.0
2002,1076.0
2003,1.0
2004,1.0
2005,1.0
2006,12.0
2007,1.0
2008,1.0
2009,9.0
2010,1.0
2011,130.0
2012,1.0
2013,20.0
2014,4.0
2015,22.0
2016,4.0
2017,22.0
2018,6.0
2019,851.0
2020,1.0
2021,1.0
2022,1.0
2023,2.0
2024,1.0
2025,1.0
2026,194.0
2027,1.0
2028,1.0
2029,1.0
2030,1.0
2031,22.0
2032,4.0
2033,1.0
2034,4.0
2035,1.0
2038,3.0
2039,2.0
2040,4.0
2041,1.0
2042,1.0
2043,26.0
2044,24.0
2045,5.0
2046,1.0
2047,6.0
2048,1.0
2049,2.0
2050,1.0
2051,4.0
2052,5.0
2053,1.0
2054,12.0
2055,2.0
2056,4.0
2057,2.0
2058,1.0
2059,1.0
2060,1.0
2061,1.0
2062,3.0
2063,1.0
2064,1.0
2065,3.0
2066,1.0
2067,4.0
2068,2.0
2069,1.0
2070,2.0
2071,1.0
2072,1.0
2073,1.0
2074,1.0
2075,1.0
2076,2.0
2077,1.0
2078,6.0
2079,12.0
2080,1.0
2081,1.0
2082,4.0
2083,1.0
2084,1.0
2085,8.0
2086,2.0
2087,2.0
2088,12.0
2089,6.0
2090,3.0
2091,1.0
2092,1.0
2093,3.0
2094,1.0
2095,3.0
2096,1.0
2097,1.0
2098,1.0
2099,1.0
2100,1.0
2101,1.0
2102,1.0
2103,3.0
2104,3.0
2105,1.0
2106,8.0
2107,1.0
2108,1.0
2109,1.0
2110,2.0
2111,4.0
2112,5.0
2113,1.0
2114,1.0
2115,5.0
2116,2.0
2117,1.0
2118,1.0
2119,1.0
2120,1.0
2121,5.0
2122,4.0
2123,2.0
2124,1.0
2125,3.0
2126,1.0
2127,1.0
2128,1.0
2129,1.0
2131,3.0
2132,1.0
2133,1.0
2135,36682.0
2136,2.0
2137,1147.0
2138,2.0
2139,53.0
2140,1.0
2141,2.0
2142,1.0
2143,1.0
2144,2.0
2145,4.0
2146,1.0
2147,5.0
2148,1.0
2149,6.0
2150,3.0
2151,2.0
2152,1.0
2153,2.0
2154,1.0
2155,11.0
2156,2.0
2157,6.0
2158,1.0
2159,1.0
2160,1.0
2161,1.0
2162,20.0
2163,2.0
2164,5.0
2165,577.0
2166,1.0
2167,1.0
2168,4.0
2169,1.0
2170,4.0
2171,367.0
2172,2.0
2173,876.0
2174,6.0
2175,13.0
2176,1.0
2177,1.0
2178,27.0
2179,1.0
2180,3.0
2181,2.0
2182,1.0
2183,35.0
2185,8.0
2186,2.0
2187,9.0
2188,1.0
2189,1.0
2190,1.0
2191,2.0
2192,2.0
2193,256.0
2194,29.0
2195,4.0
2196,3.0
2197,2.0
2198,3.0
2199,22.0
2200,1.0
2201,1.0
2202,581.0
2203,1.0
2204,2.0
2205,1.0
2206,1.0
2207,3.0
2208,7.0
2209,24.0
2210,3.0
2211,2.0
2212,5.0
2213,1.0
2214,1.0
2215,18.0
2216,14.0
2217,75.0
2218,2.0
2219,4.0
2220,1.0
2221,1.0
2222,1.0
2223,6.0
2224,6.0
2225,1.0
2226,5.0
2227,3.0
2228,2.0
2229,6.0
2230,1308.0
2231,1.0
2232,1.0
2233,14.0
2234,70.0
2235,7.0
2236,650.0
2237,1.0
2238,324.0
2239,1.0
2240,3.0
2241,9.0
2242,226.0
2243,3.0
2244,3.0
2245,2.0
2246,6.0
2247,2.0
2248,2.0
2249,1.0
2250,1.0
2251,1.0
2252,1.0
2253,19.0
2254,1.0
2255,1.0
2256,9.0
2257,7.0
2258,1.0
2259,1.0
2260,2.0
2261,17.0
2262,2.0
2263,1.0
2264,1.0
2265,1.0
2266,1.0
2267,58.0
2268,5.0
2269,9.0
2270,3.0
2271,1.0
2272,1.0
2273,4.0
2274,1.0
2275,2.0
2276,1.0
2277,1.0
2278,1.0
2279,28.0
2280,3.0
2282,2.0
2283,1.0
2284,939.0
2285,2.0
2286,3.0
2287,4.0
2288,1.0
2289,36.0
2290,17.0
2291,1414.0
2292,29.0
2293,2.0
2294,73.0
2295,1.0
2296,7.0
2297,11.0
2298,1.0
2299,8.0
2300,2.0
2301,1.0
2302,1.0
2303,38.0
2304,1.0
2305,5.0
2306,2.0
2307,1.0
2308,5.0
2309,1.0
2310,2707.0
2311,1.0
2312,1.0
2313,1.0
2314,6.0
2315,1.0
2316,1.0
2317,8.0
2318,17.0
2319,2.0
2320,1308.0
2321,2.0
2322,1.0
2323,3.0
2324,16.0
2325,2.0
2326,1.0
2327,7.0
2328,1.0
2329,2.0
2330,5.0
2331,1.0
2332,4.0
2335,1.0
2336,2.0
2337,1.0
2338,3.0
2339,2.0
2340,7.0
2341,10.0
2342,1.0
2343,1.0
2344,3.0
2345,1.0
2346,1.0
2347,20.0
2348,3.0
2349,1.0
2350,1.0
2351,1.0
2353,1.0
2354,1.0
2355,2.0
2356,2.0
2357,2.0
2358,20.0
2359,143638.0
2360,1.0
2361,4126.0
2362,2.0
2363,2.0
2364,3.0
2365,1.0
2366,8.0
2367,1.0
2368,1.0
2369,1.0
2370,2.0
2371,4.0
2372,1.0
2373,1.0
2374,1.0
2375,1.0
2376,1.0
2377,8.0
2378,1.0
2379,2.0
2380,4.0
2381,3.0
2382,1.0
2383,3.0
2384,1.0
2385,1.0
2386,1.0
2387,1.0
2388,1.0
2389,1.0
2390,1.0
2391,11.0
2392,1.0
2393,1.0
2394,5.0
2395,68.0
2396,2.0
2397,1.0
2398,2.0
2399,1.0
2401,45.0
2402,176421.0
2403,1.0
2404,4.0
2405,4.0
2406,7.0
2407,1.0
2408,2.0
2409,1.0
2410,2.0
2411,39.0
2412,1.0
2413,1.0
2414,1.0
2415,1.0
2416,1.0
2417,2.0
2418,20.0
2419,9.0
2420,5.0
2421,1.0
2422,2.0
2423,3.0
2424,8.0
2425,1.0
2426,1.0
2427,1.0
2428,10.0
2429,3477.0
2430,8859.0
2431,5.0
2432,1.0
2433,1.0
2434,10.0
2435,6.0
2436,13.0
2437,1.0
2438,2.0
2439,1.0
2440,1.0
2441,1.0
2442,2778.0
2443,3.0
2444,3.0
2445,2.0
2446,1.0
2447,15.0
2448,1.0
2449,26.0
2450,1.0
2451,1.0
2452,1.0
2453,3.0
2454,2.0
2456,1.0
2457,109.0
2458,1.0
2459,1.0
2460,2.0
2461,1.0
2462,1.0
2463,24650.0
2464,1.0
2465,1.0
2466,83.0
2467,9.0
2468,94992.0
2469,2.0
2470,3.0
2471,8.0
2472,2.0
2473,22.0
2474,3.0
2475,1.0
2476,4.0
2477,5.0
2478,1.0
2479,6.0
2480,2.0
2481,3.0
2482,2.0
2483,1.0
2484,1.0
2485,1.0
2486,2.0
2487,1.0
2488,1.0
2489,10.0
2490,1.0
2491,1.0
2492,1.0
2493,577.0
2494,2.0
2495,21375.0
2496,1.0
2497,2.0
2498,1.0
2499,18.0
2500,1.0
2501,19.0
2502,4.0
2503,1.0
2504,577.0
2505,2.0
2506,2.0
2507,5.0
2508,12.0
2510,33.0
2511,1.0
2512,2.0
2513,2.0
2514,1.0
2515,1.0
2516,1.0
2517,19.0
2518,5.0
2519,2.0
2520,1.0
2521,2.0
2522,1.0
2523,45.0
2524,58.0
2525,1.0
2526,2.0
2527,5.0
2528,3.0
2529,2.0
2530,1.0
2531,3.0
2532,3.0
2533,2.0
2534,2.0
2535,21.0
2536,1.0
2537,1.0
2538,1.0
2539,107.0
2540,2.0
2541,22.0
2542,3.0
2543,1.0
2544,1.0
2545,8.0
2546,1.0
2547,26.0
2548,2.0
2549,3.0
2550,1.0
2551,2.0
2552,1.0
2553,4.0
2554,1.0
2555,4.0
2556,2.0
2557,2.0
2558,3.0
2559,1.0
2560,64.0
2561,650.0
2562,1.0
2563,10.0
2564,4.0
2565,217.0
2566,3.0
2567,1.0
2568,1.0
2569,1083.0
2570,1.0
2571,16.0
2572,1.0
2573,1.0
2574,2.0
2575,83.0
2576,11.0
2577,326.0
2578,1.0
2579,2.0
2580,1.0
2581,2.0
2582,1.0
2583,7.0
2584,9.0
2585,1.0
2586,7.0
2587,9.0
2588,1.0
2589,1.0
2590,2.0
2591,143638.0
2592,2.0
2593,5.0
2594,10.0
2595,31.0
2596,26.0
2597,30.0
2598,19.0
2599,8.0
2601,1.0
2602,8612.0
2603,6.0
2604,2.0
2605,3.0
2606,557.0
2607,5.0
2608,1.0
2609,6.0
2610,1.0
2611,6.0
2612,8122.0
2613,1.0
2614,1.0
2615,1.0
2616,18.0
2617,6.0
2618,2.0
2619,13.0
2621,1.0
2622,2.0
2623,6.0
2624,1.0
2625,2.0
2626,10.0
2627,4.0
2628,9.0
2629,1.0
2630,2.0
2631,21.0
2632,2.0
2633,1.0
2634,1.0
2635,5.0
2636,1.0
2637,1.0
2638,5.0
2639,1.0
2640,3.0
2641,3.0
2642,1.0
2643,1.0
2644,1.0
2645,1.0
2646,1.0
2647,1.0
2648,1.0
2649,1.0
2650,8.0
2651,3.0
2652,146.0
2653,7.0
2654,1.0
2655,1.0
2656,19.0
2657,18.0
2658,2.0
2659,22.0
2660,8.0
2661,1.0
2662,1.0
2663,1.0
2664,1.0
2665,8.0
2666,2.0
2667,1.0
2668,4.0
2669,2.0
2670,1.0
2671,56.0
2672,2.0
2673,76.0
2675,50.0
2677,1.0
2678,3.0
2679,1.0
2680,107.0
2681,2.0
2682,9.0
2683,3.0
2684,24.0
2685,1.0
2686,1.0
2687,1.0
2688,2.0
2689,2.0
2690,1.0
2691,1.0
2692,1.0
2693,336.0
2694,1.0
2696,2.0
2697,2.0
2698,2.0
2699,1.0
2700,1.0
2701,1.0
2702,4.0
2703,2.0
2704,3.0
2705,1.0
2706,2.0
2707,5.0
2708,1.0
2709,53.0
2710,1.0
2712,149.0
2713,10.0
2714,1.0
2715,1.0
2716,1.0
2717,7.0
2718,1.0
2719,8.0
2720,9.0
2721,1.0
2722,12.0
2723,1.0
2724,1.0
2725,25.0
2726,10.0
2727,67985.0
2728,1.0
2729,1.0
2730,1.0
2731,1.0
2733,1.0
2734,1.0
2735,1.0
2736,1.0
2737,1.0
2738,1.0
2739,1.0
2740,3.0
2741,2.0
2742,2.0
2743,30.0
2744,4.0
2745,2.0
2746,2.0
2747,13.0
2748,1.0
2749,4.0
2750,1.0
2751,1.0
2752,1.0
2753,1.0
2754,1.0
2755,9.0
2756,1.0
2758,1.0
2759,581.0
2760,7.0
2761,10.0
2762,1.0
2763,2.0
2764,2.0
2765,1.0
2766,1.0
2767,3.0
2768,1707.0
2769,1.0
2770,1.0
2771,1.0
2772,1.0
2773,1.0
2774,1.0
2775,1.0
2777,6.0
2778,35894.0
2779,338.0
2780,3.0
2781,143638.0
2782,9.0
2783,1.0
2784,5.0
2785,107.0
2786,1.0
2787,1308.0
2788,6.0
2789,8.0
2790,9.0
2791,4.0
2792,3.0
2793,13.0
2794,3.0
2795,10.0
2796,3.0
2797,3.0
2798,1.0
2799,2.0
2800,1.0
2801,2.0
2802,308.0
2803,5.0
2804,1.0
2805,1.0
2806,1.0
2807,1.0
2808,17.0
2809,1.0
2810,1.0
2811,2.0
2812,1.0
2813,1.0
2814,22.0
2815,9.0
2816,1.0
2817,5.0
2818,1.0
2819,1.0
2820,1.0
2821,9.0
2822,1.0
2823,3.0
2824,1.0
2825,15.0
2826,1.0
2827,1.0
2828,2.0
2829,3.0
2830,1.0
2831,1.0
2832,116.0
2833,2.0
2834,6.0
2835,2.0
2836,14.0
2837,7.0
2838,1.0
2839,1.0
2840,3.0
2841,1.0
2842,2.0
2843,1.0
2844,4.0
2845,1.0
2846,4.0
2847,1.0
2848,2.0
2849,1.0
2850,14.0
2851,4.0
2852,577.0
2853,1.0
2854,1.0
2855,2.0
2856,1.0
2857,4.0
2858,1.0
2859,1.0
2860,7.0
2861,2.0
2862,1.0
2863,9.0
2864,2.0
2865,10.0
2866,1.0
2867,1.0
2868,1.0
2869,2.0
2870,1.0
2871,4.0
2872,1.0
2873,1.0
2874,35.0
2875,3.0
2876,1.0
2877,17.0
2878,1.0
2879,1.0
2880,3.0
2881,2.0
2882,2.0
2883,2.0
2884,365.0
2885,1.0
2886,6.0
2887,1.0
2888,2.0
2889,5.0
2890,10.0
2891,8.0
2892,2.0
2893,2.0
2894,1.0
2895,2.0
2896,42.0
2897,2.0
2898,2.0
2899,1.0
2900,1.0
2901,10.0
2902,1.0
2903,1.0
2904,3.0
2905,1.0
2906,1.0
2907,22.0
2908,1.0
2909,239.0
2910,3.0
2911,2.0
2912,3.0
2913,1.0
2914,1.0
2915,6.0
2916,35.0
2917,3.0
2918,1.0
2919,1.0
2920,1.0
2921,16.0
2922,5.0
2923,2.0
2924,2.0
2925,3.0
2926,13.0
2927,1.0
2928,1.0
2929,1.0
2930,2.0
2932,94992.0
2933,21.0
2934,38579.0
2935,1.0
2936,18.0
2938,1.0
2939,18.0
2941,2.0
2942,3.0
2943,7.0
2944,1.0
2945,27.0
2946,1.0
2947,1.0
2948,2.0
2949,8859.0
2950,1.0
2951,4.0
2952,5.0
2953,1.0
2954,24.0
2955,1.0
2956,6.0
2957,1.0
2958,3477.0
2959,1.0
2960,1.0
2961,17.0
2962,9.0
2963,1.0
2964,1.0
2965,2.0
2966,1.0
2967,1.0
2968,1.0
2969,83.0
2970,1.0
2971,1.0
2972,1.0
2973,1.0
2974,1.0
2975,7.0
2976,1.0
2977,2.0
2978,19.0
2979,1.0
2980,3.0
2981,2.0
2982,1.0
2984,691.0
2985,1.0
2986,3.0
2987,2.0
2988,48639.0
2989,1.0
2990,1.0
2991,1294.0
2992,2.0
2993,1.0
2994,2620.0
2995,7.0
2996,53.0
2997,1.0
2998,7.0
2999,1.0
3000,1.0
3001,2.0
3002,4.0
3003,1.0
3004,24650.0
3005,1.0
3006,1.0
3007,1.0
3008,3.0
3009,2.0
3010,1.0
3011,1.0
3012,2.0
3013,10.0
3014,362.0
3015,2.0
3016,5.0
3017,1.0
3019,2.0
3020,1.0
3021,17.0
3022,1.0
3023,2.0
3024,6.0
3025,2.0
3026,1.0
3027,1.0
3028,9.0
3029,1.0
3030,4.0
3031,1.0
3032,1.0
3033,2.0
3034,1.0
3035,1.0
3036,44.0
3038,2.0
3039,4.0
3040,1.0
3041,50.0
3042,1.0
3043,1.0
3044,1.0
3045,3.0
3046,3.0
3047,1.0
3048,10.0
3049,1.0
3050,2.0
3051,14.0
3052,2.0
3053,1.0
3054,1.0
3055,1.0
3056,11.0
3057,2.0
3058,5.0
3059,1.0
3060,1.0
3061,1.0
3062,29.0
3063,7.0
3064,1.0
3066,1.0
3067,1.0
3068,2.0
3069,13.0
3070,2.0
3071,1.0
3072,1.0
3073,2.0
3074,1.0
3075,8.0
3076,1.0
3077,3.0
3078,1.0
3079,4.0
3080,143638.0
3081,3.0
3082,2.0
3083,687.0
3084,1.0
3085,494.0
3086,1.0
3087,1.0
3088,1.0
3089,1.0
3090,2.0
3091,1.0
3092,1.0
3093,36.0
3094,1.0
3095,1.0
3096,1.0
3097,8.0
3098,3.0
3099,3.0
3100,14.0
3101,2.0
3102,2.0
3103,1.0
3104,1.0
3105,308.0
3106,9.0
3107,217.0
3108,1.0
3109,1.0
3110,50.0
3111,1.0
3112,5.0
3113,18.0
3114,66.0
3115,1.0
3116,142.0
3117,2.0
3118,64985.0
3119,2.0
3120,4.0
3121,119.0
3122,55.0
3123,1.0
3125,3.0
3126,1.0
3127,6.0
3128,1622.0
3129,10.0
3130,1.0
3131,1.0
3132,2.0
3133,1.0
3134,1.0
3135,2.0
3136,33.0
3137,3.0
3138,1.0
3139,2.0
3140,1.0
3141,3.0
3142,1.0
3143,18.0
3144,1.0
3145,3.0
3146,1.0
3147,42.0
3148,119.0
3149,13.0
3150,28.0
3151,8859.0
3152,1.0
3153,3.0
3154,3.0
3155,19.0
3156,1.0
3157,33.0
3158,1.0
3159,1.0
3160,2.0
3161,7.0
3162,1.0
3163,6.0
3164,9.0
3165,1.0
3166,11.0
3167,1.0
3168,2.0
3169,1.0
3170,220202.0
3171,8.0
3172,6.0
3173,2.0
3174,25.0
3175,5.0
3176,2.0
3177,1.0
3178,1.0
3179,6.0
3180,39.0
3181,1.0
3182,7.0
3183,26.0
3184,1.0
3185,17.0
3186,355.0
3187,144.0
3188,1.0
3189,6.0
3190,2.0
3191,1.0
3192,722.0
3193,3.0
3194,39.0
3195,4.0
3196,4.0
3197,1.0
3198,4.0
3199,2.0
3200,1.0
3201,119.0
3202,8.0
3203,11.0
3204,10.0
3205,1.0
3206,3.0
3207,1.0
3208,2.0
3209,3.0
3210,1.0
3211,1.0
3212,1.0
3213,1.0
3214,5.0
3215,4.0
3216,3.0
3217,5.0
3218,1.0
3219,31.0
3220,2.0
3221,1.0
3222,1.0
3223,1.0
3224,1.0
3225,217.0
3226,1.0
3227,1.0
3228,1.0
3229,5.0
3230,1.0
3231,3.0
3232,3.0
3233,4.0
3234,2.0
3235,1.0
3236,4.0
3237,1.0
3238,5.0
3239,1.0
3240,1.0
3241,1.0
3242,1200.0
3243,22.0
3244,1.0
3245,3.0
3246,29.0
3247,4.0
3248,3.0
3249,1.0
3250,2316.0
3251,2.0
3252,1.0
3253,2.0
3254,2.0
3255,1.0
3256,3.0
3257,1.0
3258,3.0
3259,2.0
3260,1.0
3261,1.0
3263,1.0
3264,8.0
3265,1.0
3266,10.0
3267,7.0
3268,16.0
3269,1.0
3270,7219.0
3271,1.0
3272,19.0
3273,8.0
3274,4.0
3275,4.0
3276,1.0
3277,1.0
3278,1.0
3279,1.0
3280,2.0
3281,2.0
3282,1.0
3283,7.0
3284,1.0
3285,1.0
3286,1.0
3287,5.0
3288,2.0
3289,14.0
3290,4.0
3291,851.0
3292,7.0
3293,1.0
3294,6.0
3295,184.0
3296,1.0
3297,1.0
3298,2.0
3299,8.0
3300,22.0
3301,1.0
3302,3.0
3303,2.0
3304,1.0
3306,33.0
3307,1.0
3308,12.0
3309,1.0
3310,1.0
3311,2.0
3312,2.0
3313,3.0
3314,1.0
3315,1.0
3316,2.0
3317,2.0
3318,1.0
3319,2.0
3320,5.0
3321,2.0
3322,3.0
3323,1.0
3324,1.0
3325,5.0
3326,1.0
3327,1.0
3328,1.0
3329,1.0
3330,837.0
3331,2.0
3332,10.0
3333,1.0
3334,1.0
3335,1.0
3336,1.0
3337,1.0
3338,1.0
3339,5.0
3340,6.0
3341,1.0
3342,1.0
3343,1.0
3344,1.0
3345,2.0
3346,7.0
3347,1.0
3348,1.0
3349,1.0
3350,2.0
3351,7.0
3352,3.0
3353,2643.0
3354,3.0
3355,1.0
3356,1.0
3357,1.0
3358,5.0
3359,1.0
3360,1.0
3361,1.0
3362,10.0
3363,2.0
3364,159.0
3365,1.0
3366,1.0
3367,1.0
3368,1.0
3369,1.0
3371,1.0
3372,109.0
3373,3.0
3374,16.0
3375,11.0
3376,1.0
3377,1.0
3378,1.0
3379,2.0
3380,1.0
3381,3.0
3382,2.0
3383,27.0
3384,4.0
3385,1.0
3387,3.0
3388,1.0
3389,1.0
3390,5.0
3392,1.0
3393,15.0
3394,26.0
3395,26.0
3396,1.0
3397,1.0
3398,1.0
3399,8.0
3400,5.0
3401,3.0
3402,5.0
3403,6.0
3404,2.0
3405,1.0
3406,80.0
3407,2.0
3408,1.0
3409,3.0
3410,2.0
3411,12392.0
3412,82.0
3413,1.0
3414,1.0
3415,1.0
3416,3.0
3417,54.0
3418,1.0
3419,1.0
3420,107.0
3421,1.0
3422,4.0
3423,119.0
3424,15.0
3425,1.0
3426,1.0
3427,1.0
3428,1.0
3430,1.0
3431,1.0
3432,4.0
3433,864.0
3434,3.0
3435,27.0
3436,7.0
3437,1.0
3438,28.0
3439,4.0
3440,1.0
3441,2.0
3442,1.0
3443,1.0
3444,3.0
3445,1.0
3446,3.0
3447,1.0
3448,1.0
3449,28.0
3450,1.0
3451,1.0
3452,58.0
3453,4.0
3454,1.0
3455,1.0
3456,2.0
3457,1.0
3458,13.0
3459,1.0
3460,26.0
3461,1.0
3462,2.0
3463,51.0
3464,2.0
3465,1.0
3466,1.0
3467,80.0
3468,1.0
3469,6.0
3470,83.0
3471,1.0
3472,1.0
3473,4.0
3474,1.0
3475,1.0
3476,5.0
3477,2.0
3478,2.0
3479,3.0
3480,8.0
3481,1.0
3482,19.0
3483,2.0
3484,1.0
3485,2.0
3486,1.0
3487,1.0
3488,1.0
3489,1.0
3490,1.0
3491,18.0
3492,12.0
3493,3.0
3494,1.0
3495,1.0
3496,1.0
3497,10.0
3499,2.0
3500,3.0
3501,1.0
3502,1.0
3503,1.0
3504,1.0
3505,25.0
3506,5931.0
3507,2.0
3508,1.0
3509,1.0
3510,2.0
3511,1.0
3512,1.0
3513,7.0
3514,4.0
3515,2.0
3516,1.0
3517,1.0
3519,2.0
3520,1.0
3521,1.0
3522,2.0
3523,1.0
3524,2.0
3525,3.0
3526,1.0
3527,1.0
3528,6.0
3529,1.0
3530,22.0
3531,3.0
3532,1.0
3533,2.0
3534,1.0
3535,4.0
3536,1.0
3537,1.0
3538,2.0
3539,2.0
3540,3.0
3541,8859.0
3542,2.0
3543,3.0
3544,4.0
3545,1.0
3546,1.0
3547,1.0
3548,1.0
3549,1.0
3550,31.0
3551,1.0
3552,4.0
3553,1.0
3554,1.0
3556,1.0
3558,1.0
3559,1.0
3560,1.0
3561,1.0
3562,19.0
3563,1.0
3564,2.0
3565,4.0
3566,1.0
3567,10.0
3568,1.0
3569,11.0
3570,4.0
3572,2.0
3573,1.0
3574,10832.0
3575,2.0
3576,1.0
3577,220202.0
3578,256.0
3579,1.0
3580,1.0
3581,2.0
3582,1.0
3583,1.0
3584,2.0
3586,1.0
3587,2032.0
3588,1.0
3589,1.0
3590,2.0
3591,1.0
3592,1.0
3593,3.0
3594,2.0
3595,1.0
3596,3.0
3597,1.0
3598,15.0
3599,1.0
3600,1.0
3602,6.0
3603,1.0
3604,58.0
3605,27.0
3606,1.0
3608,7.0
3609,9.0
3610,2.0
3611,3.0
3612,22.0
3613,135.0
3614,5.0
3615,1.0
3616,1.0
3617,1.0
3618,862.0
3619,26.0
3620,1.0
3621,5.0
3622,1.0
3623,6.0
3624,8.0
3625,5.0
3626,2.0
3627,1.0
3628,4.0
3629,1.0
3630,3.0
3631,1.0
3632,1.0
3633,2.0
3634,2.0
3635,16.0
3636,1.0
3637,1.0
3638,1.0
3639,33.0
3640,1.0
3641,3.0
3642,1.0
3643,8.0
3644,5.0
3645,2.0
3646,4.0
3648,1.0
3649,2.0
3650,1.0
3651,1.0
3652,1.0
3653,120.0
3654,1.0
3655,4.0
3656,3.0
3657,3.0
3658,111.0
3659,1.0
3660,1.0
3661,1.0
3662,3.0
3663,26.0
3664,3.0
3665,1.0
3666,1.0
3667,4.0
3668,2.0
3669,5.0
3670,1.0
3671,1.0
3672,3477.0
3673,1.0
3674,3.0
3675,1.0
3676,4.0
3677,27.0
3678,33.0
3679,1.0
3680,2.0
3681,1.0
3682,1.0
3683,18.0
3684,1.0
3685,1.0
3686,35.0
3687,3.0
3688,1.0
3689,1.0
3690,13.0
3691,1.0
3692,2.0
3693,2.0
3694,1.0
3695,1.0
3696,1.0
3697,8.0
3698,2.0
3699,5.0
3700,1.0
3701,1.0
3702,2.0
3703,1.0
3704,1.0
3705,3.0
3706,2.0
3707,2.0
3708,4.0
3709,1.0
3710,33.0
3711,1.0
3712,1.0
3713,1.0
3714,15.0
3715,2.0
3716,1.0
3717,3.0
3718,1.0
3719,1.0
3720,2.0
3721,2.0
3722,4.0
3723,18.0
3724,2.0
3725,3.0
3726,5.0
3727,2.0
3728,11.0
3729,3.0
3730,27.0
3731,6.0
3732,4.0
3733,1.0
3734,827.0
3735,1.0
3736,8.0
3737,1.0
3738,1.0
3739,1.0
3740,2.0
3741,5.0
3742,5.0
3743,5.0
3744,2.0
3745,1.0
3746,1.0
3747,1.0
3748,52.0
3749,2.0
3750,5.0
3751,13.0
3752,1.0
3753,4.0
3754,6.0
3755,1.0
3756,33.0
3757,9.0
3758,2.0
3759,1308.0
3760,184.0
3761,1.0
3762,8.0
3763,5.0
3764,1.0
3765,2.0
3766,1.0
3767,3.0
3768,2.0
3769,1.0
3770,1.0
3771,11.0
3772,5.0
3773,48.0
3774,1.0
3775,3.0
3776,1.0
3777,9318.0
3778,4.0
3779,1.0
3780,6.0
3781,14.0
3782,2.0
3783,159.0
3784,2.0
3785,1.0
3786,494.0
3787,4.0
3788,1.0
3789,1.0
3790,47.0
3791,1.0
3792,26.0
3793,3.0
3794,1.0
3795,1.0
3796,3.0
3797,4.0
3798,4.0
3799,827.0
3800,1.0
3801,1.0
3802,7.0
3803,1.0
3804,3.0
3805,1.0
3806,226.0
3807,18.0
3808,11.0
3809,2.0
3810,1.0
3811,1.0
3812,1.0
3813,1.0
3814,13.0
3815,28.0
3816,1.0
3817,1.0
3818,1.0
3819,1.0
3821,2.0
3822,1.0
3823,1.0
3824,1.0
3825,2.0
3826,7.0
3827,5.0
3828,1.0
3829,8.0
3830,2.0
3831,1.0
3832,2.0
3835,54.0
3836,1.0
3837,3.0
3838,1.0
3839,3.0
3840,1.0
3841,2.0
3842,21.0
3843,1.0
3844,1.0
3845,1.0
3846,2.0
3847,3.0
3848,1.0
3849,3.0
3850,6.0
3851,7.0
3852,6.0
3853,1.0
3855,1.0
3856,1.0
3858,1.0
3860,21.0
3861,6.0
3862,1.0
3863,1.0
3864,13.0
3865,107.0
3866,1.0
3867,1.0
3869,2.0
3871,1.0
3872,10.0
3873,13.0
3874,3.0
3875,146.0
3876,20330.0
3877,362.0
3878,2.0
3879,4.0
3880,2.0
3881,1.0
3882,94240.0
3883,2.0
3884,683.0
3885,1.0
3886,55.0
3887,5.0
3888,1.0
3889,119.0
3890,3.0
3891,4.0
3892,1.0
3893,1.0
3894,1.0
3895,2.0
3896,3.0
3897,1.0
3898,3.0
3899,1.0
3900,10.0
3901,1.0
3902,7.0
3903,58.0
3904,1.0
3905,1.0
3906,2.0
3907,2.0
3908,1.0
3909,1.0
3910,3477.0
3911,26.0
3912,1.0
3913,20.0
3914,5.0
3915,1.0
3916,3.0
3917,16.0
3918,42.0
3919,3.0
3920,2.0
3921,1.0
3922,21.0
3923,16.0
3924,2.0
3925,1.0
3926,1.0
3928,4.0
3929,1.0
3930,1.0
3931,3.0
3932,2.0
3933,1.0
3934,1200.0
3935,15.0
3936,1.0
3939,3.0
3940,1.0
3941,119.0
3942,2.0
3943,142.0
3944,2.0
3945,1.0
3946,15.0
3947,3.0
3948,2.0
3949,1056.0
3950,1.0
3951,1.0
3952,2.0
3953,1.0
3954,22.0
3955,1.0
3956,1.0
3957,4.0
3958,6.0
3959,1.0
3960,1.0
3961,1.0
3962,58.0
3963,1.0
3964,1.0
3965,1.0
3966,3.0
3967,19.0
3968,1.0
3969,1.0
3970,2.0
3971,1.0
3972,1.0
3973,1.0
3974,11.0
3975,1.0
3976,3.0
3977,3.0
3978,1.0
3979,10.0
3980,1.0
3981,1.0
3982,1.0
3983,1.0
3984,1.0
3985,8.0
3986,1.0
3987,1.0
3988,650.0
3989,557.0
3990,1.0
3991,1.0
3992,3.0
3993,3.0
3994,182.0
3995,5.0
3996,1.0
3997,19.0
3998,4.0
3999,2.0
4000,2.0
4001,1.0
4002,1.0
4003,2.0
4004,1.0
4005,1.0
4006,2.0
4007,1.0
4008,2.0
4009,2.0
4010,1.0
4011,1.0
4012,1.0
4013,5.0
4014,2.0
4015,1.0
4016,1.0
4017,2.0
4018,7.0
4019,2.0
4020,3.0
4021,14.0
4022,39.0
4023,1.0
4024,1.0
4025,1.0
4026,1.0
4027,1.0
4028,14.0
4029,6.0
4030,1.0
4031,1.0
4032,1.0
4033,1.0
4034,1.0
4035,2.0
4036,1.0
4037,1.0
4038,1.0
4039,1.0
4040,1.0
4041,2.0
4042,1.0
4043,7.0
4044,1.0
4045,27.0
4046,7.0
4047,3.0
4048,2.0
4049,1.0
4050,1.0
4051,5.0
4052,1.0
4053,1.0
4054,1.0
4055,220202.0
4056,5.0
4057,1.0
4058,1.0
4059,2.0
4060,1.0
4061,1.0
4062,1.0
4063,1.0
4064,1.0
4065,5.0
4066,3.0
4067,3.0
4068,1.0
4069,1.0
4070,1.0
4071,1.0
4072,1.0
4073,132.0
4074,1.0
4075,12.0
4076,5.0
4077,1.0
4078,1.0
4079,1.0
4080,7.0
4081,3.0
4082,1.0
4083,1.0
4084,13.0
4085,1.0
4086,1.0
4087,1.0
4088,1.0
4089,5.0
4090,5.0
4091,1.0
4092,2.0
4093,1.0
4094,7.0
4095,1.0
4096,7.0
4097,362.0
4098,2.0
4099,5.0
4100,18782.0
4101,3.0
4102,1.0
4103,3.0
4104,1.0
4105,1.0
4106,1083.0
4107,2.0
4108,2.0
4109,6.0
4110,5.0
4111,1.0
4112,7.0
4113,1.0
4114,28.0
4115,2.0
4116,2.0
4117,1.0
4118,1.0
4119,11.0
4121,1.0
4122,2.0
4123,1.0
4124,4.0
4125,1.0
4126,8.0
4127,26.0
4128,13.0
4129,1.0
4130,1.0
4131,2.0
4132,43.0
4133,1147.0
4134,36682.0
4135,1.0
4136,19.0
4137,1.0
4138,2.0
4139,1.0
4140,2.0
4141,22.0
4142,1.0
4144,1.0
4145,1.0
4146,1.0
4147,1.0
4148,1.0
4149,1.0
4150,2316.0
4151,3.0
4152,20.0
4153,1.0
4154,1.0
4155,3.0
4156,1.0
4157,26.0
4158,1.0
4159,5.0
4160,3.0
4161,1.0
4162,1.0
4163,1.0
4165,2.0
4166,8.0
4167,1.0
4168,1.0
4169,3.0
4170,1.0
4171,1.0
4172,7.0
4173,4.0
4174,5.0
4175,1.0
4176,1.0
4177,1.0
4178,2.0
4179,2.0
4180,50.0
4181,1.0
4182,11.0
4183,1.0
4184,2.0
4185,19.0
4186,44.0
4187,42.0
4188,1.0
4189,2.0
4190,2.0
4191,2.0
4192,2.0
4193,2.0
4194,40.0
4195,1.0
4196,2.0
4197,49.0
4198,4.0
4199,1.0
4200,1.0
4201,1.0
4202,1147.0
4203,1.0
4204,1.0
4205,1.0
4206,7.0
4207,851.0
4208,16.0
4209,1.0
4210,1.0
4211,1.0
4212,1.0
4213,12.0
4214,1.0
4215,1.0
4216,2.0
4217,3.0
4218,1.0
4219,1.0
4220,1.0
4221,1.0
4222,1.0
4223,1.0
4224,1.0
4225,1.0
4226,1.0
4227,1.0
4228,1.0
4229,1.0
4230,2.0
4231,1.0
4232,6.0
4233,2211.0
4234,1.0
4235,43.0
4236,10.0
4237,8.0
4238,31.0
4239,1.0
4240,4.0
4241,10.0
4242,5.0
4243,1.0
4244,6.0
4245,1.0
4246,1.0
4247,6.0
4248,5.0
4249,134362.0
4251,3.0
4252,25.0
4253,9.0
4254,4.0
4255,2.0
4256,42.0
4257,851.0
4258,1.0
4259,1.0
4260,1.0
4261,4.0
4262,1.0
4263,226.0
4264,2.0
4265,1.0
4266,3.0
4267,2.0
4268,2.0
4269,10.0
4270,2.0
4271,1.0
4272,4.0
4273,5.0
4274,27.0
4275,1.0
4276,1.0
4277,1.0
4278,1.0
4279,1.0
4280,1.0
4281,40.0
4282,1.0
4283,1414.0
4284,119.0
4285,1.0
4286,1.0
4287,2.0
4288,1.0
4289,5.0
4290,1.0
4291,1.0
4292,3.0
4293,3.0
4294,2.0
4295,5.0
4296,1.0
4297,1.0
4298,1.0
4299,1.0
4300,2.0
4301,33.0
4302,1.0
4303,3.0
4304,10.0
4305,1.0
4306,1.0
4307,2.0
4308,17.0
4309,1.0
4310,2.0
4311,12.0
4312,1.0
4313,1.0
4314,1.0
4315,1.0
4316,1.0
4317,1.0
4318,1.0
4319,1.0
4320,6.0
4321,3.0
4322,45.0
4324,4.0
4325,1.0
4326,1.0
4327,1.0
4328,10.0
4330,2316.0
4331,9.0
4332,4.0
4333,5.0
4334,1.0
4335,2.0
4336,15.0
4337,7.0
4338,3.0
4339,1.0
4340,1.0
4341,4.0
4342,1.0
4343,1.0
4344,5.0
4345,3.0
4346,3.0
4347,1.0
4348,1.0
4349,1.0
4350,72.0
4351,1.0
4352,2.0
4353,5.0
4354,2.0
4355,1.0
4356,1.0
4357,1.0
4358,44.0
4359,1.0
4360,1.0
4361,2.0
4362,1.0
4363,3.0
4364,16.0
4365,2.0
4366,1.0
4367,1.0
4368,15.0
4369,1.0
4370,1.0
4371,9.0
4372,1.0
4373,1.0
4374,1.0
4375,4.0
4376,1.0
4377,1.0
4378,4.0
4379,4.0
4380,1.0
4381,2.0
4382,2.0
4383,7.0
4384,4.0
4385,1.0
4386,5.0
4387,82.0
4388,3.0
4389,1.0
4390,2.0
4391,1.0
4392,21.0
4393,1.0
4394,13.0
4395,8.0
4396,1.0
4397,4.0
4398,1.0
4399,1.0
4400,1.0
4402,1.0
4403,2.0
4404,5.0
4405,3.0
4406,2.0
4407,50.0
4409,1.0
4410,1.0
4411,2.0
4412,1.0
4413,9.0
4414,5.0
4415,2.0
4416,24.0
4417,1.0
4418,1.0
4419,2.0
4420,14.0
4421,2.0
4422,1.0
4423,6.0
4424,1.0
4425,2.0
4426,1.0
4427,2.0
4428,13.0
4429,2.0
4430,11.0
4431,1.0
4432,1.0
4433,1.0
4434,27.0
4435,1.0
4436,1.0
4437,246.0
4438,1.0
4439,577.0
4440,6.0
4441,2.0
4442,2.0
4443,9.0
4444,1.0
4445,1.0
4446,1.0
4447,6.0
4448,1.0
4449,5.0
4450,1181.0
4451,4.0
4452,1.0
4453,1.0
4454,2.0
4455,3.0
4456,12.0
4457,2.0
4458,4336.0
4459,3.0
4460,19.0
4461,2.0
4462,1.0
4463,18.0
4464,2.0
4465,1.0
4468,2.0
4469,1.0
4470,2.0
4471,31.0
4472,3.0
4473,2.0
4474,1.0
4475,5.0
4476,1.0
4477,1.0
4478,1.0
4479,3.0
4480,1.0
4481,1.0
4482,2.0
4483,1.0
4484,2.0
4485,1.0
4486,1.0
4487,44.0
4488,1.0
4489,8612.0
4490,6.0
4491,36.0
4492,1.0
4493,2.0
4494,4.0
4495,1.0
4496,1.0
4497,4.0
4498,1.0
4499,19.0
4500,1998.0
4501,3.0
4502,1.0
4503,1.0
4504,12.0
4505,180.0
4506,2.0
4507,1.0
4508,68.0
4509,8.0
4510,2.0
4511,7.0
4512,1.0
4513,3.0
4514,1.0
4515,4.0
4516,9.0
4517,1.0
4518,31.0
4519,1.0
4520,2.0
4521,7.0
4522,116.0
4523,1.0
4524,1.0
4525,5.0
4526,1.0
4527,11.0
4528,1.0
4529,66.0
4530,1.0
4531,12.0
4532,2.0
4533,1.0
4534,2.0
4535,1.0
4536,5.0
4537,3.0
4538,1.0
4539,55.0
4540,41.0
4541,1.0
4542,1.0
4543,1.0
4544,7.0
4545,2.0
4546,38264.0
4547,21.0
4548,27.0
4549,7.0
4550,28.0
4551,20.0
4552,12.0
4553,8.0
4554,1.0
4555,2.0
4556,46.0
4557,1.0
4558,2.0
4560,1.0
4561,3.0
4562,1.0
4563,4.0
4564,1.0
4565,5.0
4566,51.0
4567,1.0
4568,1.0
4569,1.0
4570,1.0
4571,1.0
4572,30.0
4573,5.0
4574,3.0
4575,1.0
4576,1.0
4577,3.0
4578,4.0
4579,1.0
4580,1.0
4582,10.0
4583,1.0
4584,1.0
4585,7.0
4586,3.0
4587,1.0
4588,367.0
4589,2.0
4590,1.0
4591,1.0
4592,5.0
4593,1.0
4594,1.0
4595,3.0
4596,1.0
4597,42.0
4598,2.0
4599,335.0
4600,45.0
4601,1.0
4602,119.0
4603,1.0
4604,1707.0
4605,33.0
4606,1.0
4607,324.0
4609,8.0
4610,2.0
4611,4.0
4612,430.0
4613,1699.0
4614,2.0
4615,11.0
4616,28.0
4617,11.0
4618,1.0
4619,7.0
4620,1.0
4621,4.0
4622,3.0
4623,4.0
4624,4.0
4625,1.0
4626,27.0
4627,2.0
4628,1.0
4629,3.0
4630,785.0
4631,2.0
4632,8062.0
4633,1.0
4634,10.0
4635,4.0
4636,4.0
4637,143638.0
4638,2.0
4639,1.0
4640,5.0
4641,11.0
4642,1.0
4643,1.0
4645,1.0
4646,2.0
4647,4.0
4648,3.0
4649,1.0
4650,4.0
4651,46.0
4652,1.0
4654,1.0
4655,3.0
4656,1.0
4657,1.0
4658,2.0
4659,2.0
4660,2.0
4661,21.0
4662,1.0
4663,1.0
4664,3.0
4665,1.0
4666,1.0
4667,1.0
4668,21.0
4669,2.0
4670,2.0
4671,22.0
4672,1.0
4673,6.0
4674,3.0
4675,2.0
4676,1.0
4677,5663.0
4678,1.0
4679,3.0
4680,3.0
4681,2.0
4682,1.0
4683,5.0
4684,3.0
4685,1.0
4686,1.0
4687,39.0
4688,2.0
4689,1.0
4690,138.0
4691,2.0
4692,3.0
4693,1.0
4694,5.0
4695,5.0
4696,7.0
4697,3.0
4698,1.0
4699,3.0
4700,24.0
4701,1.0
4702,2.0
4703,2.0
4704,65606.0
4705,3.0
4706,18.0
4707,1.0
4708,7.0
4709,3.0
4710,2.0
4711,1.0
4712,9.0
4713,3.0
4714,864.0
4715,1.0
4716,176421.0
4717,31.0
4718,4.0
4719,2.0
4720,1.0
4721,1.0
4722,1.0
4723,1.0
4724,54.0
4725,1.0
4727,1.0
4728,1.0
4729,1.0
4730,33.0
4731,3.0
4732,2.0
4733,1.0
4734,3.0
4735,3.0
4736,1.0
4737,1.0
4738,3.0
4739,3.0
4740,1.0
4741,160.0
4742,1.0
4743,1.0
4744,11.0
4745,5.0
4746,1.0
4747,3.0
4748,2.0
4749,2.0
4750,1.0
4751,2.0
4752,3.0
4753,1.0
4755,1.0
4757,24.0
4758,1.0
4759,417.0
4760,2.0
4761,11.0
4762,2.0
4763,2.0
4764,6.0
4765,1.0
4766,1.0
4767,1.0
4768,1.0
4769,1.0
4771,1.0
4772,1.0
4773,2.0
4774,2.0
4775,1.0
4776,2.0
4777,1.0
4778,6.0
4779,2.0
4780,3.0
4781,14.0
4782,10.0
4783,3.0
4784,1.0
4785,2.0
4786,4.0
4787,1.0
4788,200.0
4789,14.0
4790,132.0
4791,2.0
4792,2.0
4793,1.0
4794,415.0
4795,44.0
4796,9.0
4797,1.0
4798,1.0
4799,246.0
4800,2.0
4801,3.0
4802,1.0
4803,1.0
4804,9.0
4805,4.0
4806,3.0
4807,2.0
4808,1.0
4809,3.0
4810,1.0
4811,1.0
4812,6175.0
4813,11.0
4814,3.0
4815,1.0
4816,3.0
4817,1.0
4818,1.0
4819,1.0
4820,2.0
4821,9.0
4822,1.0
4823,4.0
4824,1.0
4825,3.0
4826,2.0
4827,119.0
4828,2.0
4829,1.0
4830,1.0
4831,2.0
4832,2.0
4833,3.0
4834,2.0
4835,1.0
4836,2.0
4837,3.0
4838,2.0
4839,1.0
4840,6.0
4841,1.0
4842,2.0
4843,1.0
4844,1.0
4845,1.0
4846,116.0
4847,1.0
4848,1.0
4849,4.0
4850,5.0
4851,7.0
4852,1.0
4853,1.0
4854,1.0
4855,1.0
4856,2.0
4857,1.0
4858,1.0
4859,4.0
4861,1.0
4862,1.0
4863,1.0
4864,2.0
4865,7.0
4866,1.0
4867,1.0
4868,1.0
4869,2.0
4870,1.0
4871,16.0
4872,2.0
4873,1.0
4874,1.0
4875,1.0
4876,1.0
4877,78.0
4878,1.0
4880,2.0
4881,1.0
4882,8859.0
4883,2.0
4884,1.0
4885,1.0
4886,5.0
4887,1.0
4888,1.0
4889,4.0
4890,1.0
4891,180.0
4892,1.0
4893,1.0
4894,6.0
4895,3.0
4896,9.0
4897,1.0
4898,1.0
4899,38.0
4900,2.0
4901,5.0
4902,3.0
4903,2.0
4905,1.0
4906,2.0
4907,2316.0
4908,1.0
4909,2.0
4910,1.0
4911,7.0
4912,5.0
4913,1.0
4914,7.0
4915,1.0
4916,1.0
4917,1.0
4918,29.0
4919,1.0
4920,1.0
4921,2.0
4922,13.0
4923,1.0
4924,27.0
4925,4.0
4926,2.0
4927,2.0
4928,1.0
4929,1.0
4930,2.0
4931,5.0
4932,2.0
4933,1.0
4934,8.0
4935,1.0
4936,2.0
4937,39.0
4938,2.0
4939,1.0
4940,876.0
4941,2.0
4942,2.0
4943,2.0
4944,6.0
4945,8.0
4946,1.0
4947,2.0
4949,1.0
4950,1.0
4951,24.0
4952,4.0
4953,3.0
4954,3.0
4955,1.0
4956,2.0
4957,1.0
4958,53.0
4959,4.0
4960,16.0
4961,2.0
4962,1.0
4963,13.0
4964,1.0
4965,3.0
4967,1.0
4968,1.0
4969,2.0
4970,1.0
4971,5.0
4972,1.0
4973,8.0
4974,1.0
4975,4.0
4976,2.0
4977,1.0
4978,3.0
4979,1.0
4980,5931.0
4981,1.0
4982,1.0
4983,1.0
4984,1.0
4985,3.0
4986,1.0
4987,6.0
4988,2.0
4989,1.0
4990,1.0
4991,17.0
4992,1.0
4993,2.0
4994,2.0
4995,1.0
4996,208.0
4997,1.0
4998,3.0
4999,3.0
5000,3.0
5001,1.0
5002,21.0
5003,2.0
5004,3.0
5005,8.0
5006,3.0
5007,1.0
5008,4.0
5009,1.0
5010,1.0
5011,1.0
5012,1.0
5014,26.0
5015,505.0
5016,2.0
5017,7.0
5018,1.0
5019,1.0
5020,1.0
5021,1.0
5022,25.0
5023,7.0
5024,1.0
5025,1.0
5026,1.0
5027,30.0
5028,1.0
5029,1.0
5030,851.0
5031,6.0
5032,2.0
5033,1.0
5034,1.0
5035,1.0
5036,1.0
5037,3.0
5038,1.0
5039,8.0
5040,1.0
5042,1.0
5043,3.0
5044,2.0
5045,31.0
5046,6.0
5047,1.0
5048,1.0
5049,2.0
5050,1.0
5051,1.0
5052,1.0
5053,1.0
5054,1.0
5055,1.0
5056,2.0
5057,1.0
5059,4.0
5060,1.0
5061,1.0
5062,84.0
5063,1.0
5064,2.0
5065,1.0
5066,1.0
5067,1.0
5068,11.0
5069,1.0
5070,8.0
5071,4.0
5072,1.0
5073,7.0
5074,3.0
5075,1.0
5076,1.0
5077,1147.0
5078,1.0
5079,1.0
5080,1.0
5081,2.0
5082,9.0
5083,143638.0
5084,1.0
5085,2.0
5086,1.0
5087,5.0
5088,2.0
5089,6.0
5090,3.0
5091,3.0
5092,4700.0
5093,1.0
5094,1.0
5095,1.0
5096,3.0
5097,355.0
5098,4.0
5099,2.0
5100,1.0
5101,1.0
5102,2.0
5103,1.0
5104,1.0
5105,1.0
5106,1.0
5107,1.0
5108,1.0
5109,6.0
5110,1.0
5111,1.0
5112,1.0
5113,1.0
5114,2.0
5115,3.0
5116,4.0
5117,3.0
5118,2.0
5119,3.0
5120,55.0
5121,1.0
5122,1.0
5123,1.0
5124,1.0
5125,1.0
5126,10.0
5127,4.0
5128,1.0
5129,1.0
5130,1.0
5131,2.0
5132,1.0
5133,3.0
5134,4.0
5135,2.0
5136,6.0
5137,10.0
5138,14.0
5139,1.0
5140,1.0
5141,3.0
5142,6.0
5143,1.0
5144,2.0
5145,1.0
5146,15.0
5147,2.0
5148,3.0
5149,23927.0
5150,1.0
5151,1.0
5152,1.0
5153,10.0
5154,3.0
5155,12.0
5156,3.0
5157,1.0
5158,2.0
5159,2.0
5161,2.0
5162,13.0
5163,4.0
5164,43534.0
5165,14.0
5166,3.0
5167,2.0
5168,19.0
5169,1.0
5170,15.0
5171,3.0
5172,2.0
5173,16.0
5174,2.0
5175,14.0
5176,3.0
5177,3.0
5178,11.0
5179,3.0
5180,1.0
5181,4.0
5182,42.0
5183,2.0
5184,3.0
5185,18.0
5186,48.0
5187,9.0
5188,1.0
5189,1.0
5190,3.0
5191,2.0
5192,2.0
5193,2.0
5194,1.0
5195,25.0
5196,4.0
5197,3.0
5198,1.0
5199,5.0
5200,1.0
5201,1.0
5202,58.0
5203,5.0
5204,4.0
5205,1.0
5206,5.0
5207,78.0
5208,5.0
5209,1.0
5210,4.0
5211,1.0
5212,1.0
5213,1.0
5214,1.0
5215,9.0
5216,1.0
5217,1.0
5218,1.0
5219,2.0
5220,1.0
5221,1.0
5222,1.0
5223,1.0
5224,1.0
5225,3.0
5226,2.0
5227,159.0
5228,4.0
5229,3.0
5230,10.0
5231,1.0
5232,220202.0
5233,1.0
5234,2.0
5235,2.0
5236,1.0
5237,1.0
5238,2.0
5240,117.0
5241,1.0
5242,2.0
5243,1.0
5244,3.0
5245,3.0
5246,5.0
5247,217.0
5248,6.0
5249,1.0
5250,1.0
5251,8859.0
5252,1.0
5253,4.0
5254,31.0
5255,1.0
5256,1.0
5257,5.0
5258,1.0
5259,1.0
5260,2.0
5261,1.0
5262,1.0
5263,21.0
5265,1.0
5266,143638.0
5267,1.0
5269,1.0
5270,1.0
5271,8.0
5272,1.0
5273,5.0
5274,1.0
5275,10.0
5276,4.0
5277,530.0
5278,1.0
5279,1.0
5280,5.0
5281,6.0
5282,3.0
5283,1.0
5284,2.0
5285,1.0
5286,1.0
5287,1.0
5288,1.0
5289,1.0
5290,5931.0
5291,1.0
5292,3.0
5293,1.0
5294,75.0
5295,2.0
5296,1.0
5297,7.0
5298,1.0
5299,1.0
5300,1.0
5301,1.0
5302,1.0
5303,1.0
5304,4.0
5305,4.0
5306,2.0
5307,2.0
5308,3.0
5309,1.0
5310,1.0
5312,2.0
5313,6.0
5314,73.0
5315,1.0
5316,3.0
5317,1.0
5318,1.0
5319,1.0
5320,2.0
5321,3.0
5322,1.0
5323,1.0
5324,1.0
5325,18.0
5326,1.0
5327,1.0
5328,13.0
5329,2.0
5330,1.0
5331,6.0
5332,1.0
5333,324.0
5334,1.0
5335,1.0
5336,2.0
5337,6.0
5338,1.0
5339,1.0
5340,1.0
5341,1.0
5342,3.0
5343,1.0
5344,7.0
5345,30.0
5346,1.0
5347,3.0
5348,1.0
5349,4.0
5350,2.0
5351,25.0
5352,1.0
5353,14259.0
5354,9.0
5355,2.0
5356,5.0
5357,3.0
5358,1.0
5359,1.0
5360,1.0
5361,1.0
5362,3.0
5363,577.0
5364,2.0
5365,1.0
5366,4.0
5367,11.0
5368,16.0
5369,7.0
5370,1.0
5371,2.0
5373,1.0
5374,1.0
5375,152.0
5376,1.0
5377,2316.0
5379,1.0
5380,1.0
5381,1.0
5382,4.0
5383,11.0
5384,8859.0
5385,1.0
5386,1.0
5387,1.0
5388,1699.0
5389,2.0
5390,1.0
5391,1.0
5392,1.0
5393,2.0
5394,1.0
5395,2.0
5396,24.0
5398,2.0
5399,1.0
5401,3477.0
5402,10.0
5403,6.0
5404,26.0
5405,2.0
5406,2.0
5407,1.0
5408,1.0
5409,5.0
5410,1.0
5411,1.0
5412,1.0
5413,1.0
5414,1.0
5415,1.0
5416,27.0
5417,1.0
5418,2.0
5419,1.0
5420,62.0
5421,1.0
5422,2.0
5423,3.0
5425,1.0
5426,8122.0
5427,355.0
5428,2.0
5429,1.0
5430,1.0
5431,5.0
5432,1.0
5433,5.0
5434,1.0
5435,1.0
5436,2.0
5437,1.0
5439,9.0
5440,2.0
5441,2.0
5442,7.0
5443,5.0
5444,8062.0
5445,1.0
5446,1.0
5447,5.0
5448,6.0
5449,1.0
5450,26.0
5451,1.0
5452,1.0
5453,1.0
5454,2.0
5455,3.0
5456,1.0
5457,1.0
5458,20.0
5460,5.0
5461,2.0
5462,4.0
5463,1.0
5464,1.0
5465,1.0
5466,6.0
5467,1.0
5468,1.0
5469,1.0
5470,27.0
5471,1.0
5472,1.0
5473,11.0
5474,6.0
5475,1.0
5476,10.0
5477,45.0
5478,2.0
5479,1076.0
5480,2.0
5481,1.0
5482,3.0
5483,44.0
5484,3.0
5485,1.0
5486,1.0
5487,2.0
5488,1.0
5489,1.0
5490,5.0
5491,11.0
5492,19.0
5493,1.0
5494,530.0
5495,2.0
5496,3.0
5497,3.0
5498,2.0
5499,1.0
5500,32.0
5501,2.0
5502,1.0
5503,2.0
5504,1.0
5505,2.0
5506,8.0
5507,4.0
5509,1.0
5510,35.0
5511,2.0
5512,159.0
5513,2.0
5514,1.0
5515,12.0
5516,11.0
5517,2.0
5518,2.0
5519,18.0
5520,2.0
5521,1.0
5522,1.0
5523,1699.0
5524,1.0
5525,7.0
5526,3.0
5527,1294.0
5528,2.0
5529,4.0
5530,1.0
5531,2316.0
5532,15.0
5533,1.0
5534,1.0
5535,1.0
5536,1.0
5537,14.0
5538,1.0
5539,1.0
5540,1.0
5541,4.0
5542,2.0
5543,2.0
5544,1.0
5545,2.0
5546,1.0
5547,1.0
5548,1.0
5549,1.0
5550,37.0
5551,184.0
5552,119.0
5553,2.0
5554,1.0
5555,1.0
5556,2.0
5557,1.0
5558,650.0
5559,1308.0
5560,47.0
5561,42.0
5562,1.0
5563,1525.0
5565,1.0
5566,1.0
5567,1.0
5568,2.0
5569,19.0
5570,13.0
5571,1.0
5572,2.0
5573,13.0
5574,1.0
5575,2.0
5576,1.0
5577,1.0
5578,1.0
5579,3.0
5580,1.0
5581,4.0
5582,2.0
5583,2.0
5584,25.0
5585,1.0
5586,2.0
5587,2.0
5588,4.0
5589,11.0
5590,1.0
5591,1.0
5592,3.0
5593,8.0
5594,1.0
5595,7.0
5596,1.0
5597,55.0
5598,1.0
5599,1.0
5600,4.0
5601,1.0
5602,1.0
5603,1.0
5604,2.0
5605,3.0
5606,2.0
5607,10.0
5608,2.0
5609,1.0
5610,4.0
5611,3.0
5612,1.0
5614,5.0
5615,1.0
5616,3.0
5617,1.0
5618,2.0
5619,1.0
5620,3.0
5621,1.0
5622,3.0
5623,9.0
5624,1.0
5625,3.0
5626,1.0
5627,1.0
5629,4.0
5630,1.0
5631,1.0
5632,53.0
5633,1.0
5634,4.0
5635,63.0
5636,1.0
5637,8.0
5638,1.0
5639,55.0
5640,1.0
5641,12.0
5642,362.0
5643,1.0
5644,1.0
5646,1.0
5647,2.0
5648,1.0
5649,28.0
5650,14.0
5651,1.0
5652,1.0
5653,2.0
5654,9.0
5655,1.0
5656,1.0
5657,1.0
5658,7.0
5659,4.0
5660,1.0
5661,2.0
5662,1.0
5663,4.0
5664,1.0
5665,36682.0
5666,5.0
5667,22.0
5668,2.0
5669,2.0
5670,6.0
5671,3.0
5672,3.0
5673,2.0
5674,1.0
5675,1.0
5676,12.0
5677,1.0
5678,1.0
5679,35.0
5680,1.0
5681,152.0
5682,22.0
5683,2.0
5684,1998.0
5685,19.0
5686,3.0
5687,2.0
5688,3.0
5689,15.0
5690,1.0
5691,2.0
5692,1.0
5693,1.0
5694,1.0
5695,1.0
5696,1.0
5697,2.0
5698,3.0
5699,42.0
5700,1.0
5701,1.0
5702,7.0
5703,1.0
5704,1.0
5705,3.0
5706,1.0
5707,1.0
5708,1.0
5709,17.0
5710,1.0
5711,1.0
5712,1.0
5713,2.0
5714,1.0
5715,19.0
5716,1.0
5717,1.0
5718,2.0
5719,2.0
5720,2.0
5721,1.0
5723,3.0
5724,1.0
5725,1.0
5726,2.0
5727,1.0
5728,2.0
5729,2.0
5730,1.0
5731,9.0
5732,1.0
5733,6.0
5734,14.0
5735,29.0
5736,1.0
5737,1.0
5738,1.0
5739,1.0
5740,5.0
5741,2.0
5742,1.0
5743,1.0
5744,4.0
5745,2.0
5746,1.0
5747,1.0
5748,13.0
5750,2.0
5751,19.0
5754,1.0
5755,1.0
5756,1.0
5757,2.0
5758,6.0
5759,11.0
5760,1.0
5761,5.0
5762,1.0
5763,1.0
5764,3.0
5765,1.0
5766,5.0
5767,1.0
5768,25.0
5769,1.0
5770,69.0
5771,1.0
5772,11.0
5773,2.0
5774,2.0
5775,18.0
5776,1.0
5777,1.0
5778,5.0
5779,1.0
5780,3.0
5781,1.0
5782,5.0
5783,1.0
5784,1.0
5785,2.0
5786,2.0
5787,6.0
5788,3.0
5789,3.0
5790,2.0
5791,1.0
5792,1.0
5793,190.0
5794,2.0
5795,3.0
5796,26.0
5797,1.0
5798,1.0
5799,1.0
5800,29.0
5801,5.0
5802,1.0
5803,1.0
5804,26.0
5805,3.0
5806,2.0
5807,1.0
5808,1.0
5809,2.0
5810,3.0
5811,1.0
5812,2.0
5813,2.0
5814,2.0
5815,3.0
5816,4.0
5817,5.0
5818,18.0
5819,7.0
5820,69.0
5821,12.0
5822,2.0
5823,2.0
5824,4.0
5825,1.0
5826,4.0
5827,17655.0
5828,1.0
5829,1.0
5830,3.0
5831,365.0
5832,8.0
5833,16.0
5834,5.0
5835,3.0
5836,1.0
5837,1.0
5838,1.0
5839,1.0
5840,2.0
5841,1.0
5842,1.0
5843,1.0
5844,876.0
5845,1.0
5846,1.0
5847,5.0
5848,3.0
5849,650.0
5850,1.0
5851,8859.0
5852,1.0
5853,8.0
5854,1.0
5855,9.0
5856,1.0
5857,4.0
5858,1.0
5859,1.0
5860,1.0
5861,1.0
5862,1.0
5863,1.0
5864,11.0
5865,1.0
5866,1.0
5867,3.0
5868,1.0
5869,1.0
5870,1.0
5871,1.0
5872,5.0
5873,1699.0
5874,9.0
5875,18.0
5876,1.0
5877,4.0
5878,1.0
5879,1.0
5880,190.0
5881,1.0
5882,6313.0
5883,1699.0
5884,2.0
5885,1.0
5886,1.0
5887,2.0
5888,2.0
5889,2.0
5890,2.0
5891,1.0
5892,876.0
5893,12.0
5894,1.0
5895,1.0
5896,26.0
5897,4.0
5898,3.0
5899,6.0
5900,12.0
5901,1.0
5902,1.0
5903,5.0
5904,1.0
5905,1.0
5906,1.0
5907,84.0
5908,1.0
5909,361.0
5910,1.0
5911,11.0
5912,3.0
5913,6.0
5914,1.0
5915,4.0
5916,1.0
5917,1.0
5918,1.0
5919,1.0
5920,2.0
5921,5.0
5922,1.0
5923,1.0
5924,4.0
5925,1.0
5926,1.0
5927,14.0
5928,1.0
5929,12.0
5930,5.0
5931,6.0
5932,60.0
5933,1.0
5934,2.0
5935,78.0
5936,3.0
5937,1.0
5938,2.0
5940,4.0
5941,39.0
5942,1.0
5943,1.0
5944,1.0
5945,1.0
5946,2.0
5947,1.0
5948,1.0
5949,1.0
5950,5.0
5951,39.0
5952,1.0
5953,1.0
5954,5.0
5955,851.0
5957,1.0
5958,1.0
5959,2.0
5960,2.0
5961,2.0
5962,3.0
5963,3.0
5964,1.0
5965,1.0
5966,1.0
5967,1.0
5968,2.0
5969,2.0
5970,2.0
5971,10.0
5972,1.0
5973,1.0
5974,1.0
5975,11.0
5976,3.0
5977,22.0
5978,1.0
5979,3.0
5980,1.0
5981,1.0
5982,1.0
5983,4.0
5984,1.0
5985,4.0
5986,1.0
5987,6.0
5989,1.0
5990,851.0
5991,1.0
5992,1.0
5993,4.0
5994,1.0
5995,530.0
5996,1.0
5997,1.0
5998,1.0
5999,1.0
6000,5.0
6001,5.0
6002,18.0
6003,1.0
6004,2.0
6005,2.0
6006,2.0
6007,1.0
6008,1.0
6009,18.0
6010,851.0
6011,3.0
6012,1.0
6013,2.0
6014,1.0
6015,6.0
6016,18.0
6017,1.0
6018,1.0
6019,1.0
6020,70.0
6021,2.0
6022,1.0
6023,12.0
6024,2.0
6025,3.0
6026,5.0
6027,1.0
6028,45.0
6029,5.0
6030,149.0
6031,7.0
6032,5.0
6033,1.0
6034,1.0
6035,6.0
6036,1.0
6037,3.0
6039,2.0
6040,20.0
6041,4.0
6042,3.0
6043,650.0
6044,1.0
6045,1.0
6046,2.0
6047,3.0
6048,27.0
6049,1.0
6050,1.0
6052,1.0
6053,3.0
6054,1.0
6055,1.0
6056,1.0
6057,1.0
6058,1.0
6059,4.0
6060,39.0
6061,1.0
6062,1.0
6063,23.0
6064,3.0
6065,3.0
6066,7.0
6067,1.0
6068,2.0
6069,1.0
6070,5.0
6071,1.0
6072,2.0
6073,1.0
6074,1.0
6075,2.0
6076,1.0
6077,1.0
6078,1.0
6079,1.0
6080,1.0
6081,1.0
6082,1.0
6083,9.0
6084,1.0
6085,5.0
6086,2.0
6087,1.0
6088,200.0
6089,2.0
6090,1.0
6091,13.0
6092,1.0
6093,2.0
6094,1.0
6095,1.0
6096,1.0
6097,10.0
6098,6.0
6099,1.0
6100,10.0
6101,1.0
6102,2.0
6103,1.0
6104,2.0
6105,18.0
6106,1.0
6107,1.0
6108,1.0
6109,1.0
6110,13.0
6111,1.0
6112,837.0
6113,1.0
6114,3.0
6115,80.0
6116,7.0
6117,2.0
6118,1.0
6119,1.0
6120,1.0
6121,1.0
6122,1.0
6123,3.0
6124,20.0
6125,851.0
6126,4.0
6127,12.0
6128,2.0
6129,39.0
6130,5.0
6131,15.0
6132,4126.0
6133,1.0
6134,1.0
6135,2.0
6136,1.0
6137,1.0
6138,2.0
6139,1.0
6140,1.0
6141,116.0
6142,3.0
6143,5.0
6144,3.0
6145,1.0
6146,1.0
6147,2.0
6148,4.0
6149,2.0
6150,42.0
6151,11.0
6152,2.0
6153,1.0
6155,1.0
6156,1.0
6157,2.0
6158,1.0
6159,1.0
6160,1.0
6161,1.0
6162,1.0
6163,1.0
6164,1.0
6165,1.0
6166,1.0
6167,4.0
6168,4.0
6169,1.0
6170,2.0
6171,2.0
6172,1.0
6173,14.0
6174,2.0
6175,5.0
6176,5.0
6177,1.0
6178,3.0
6179,1.0
6180,1.0
6181,1.0
6182,2.0
6183,36.0
6184,1.0
6185,1.0
6186,1.0
6187,2.0
6188,1.0
6189,851.0
6190,2.0
6191,1.0
6192,4.0
6193,1.0
6194,2.0
6195,1.0
6196,2.0
6197,3.0
6198,1.0
6199,1.0
6200,2.0
6201,2.0
6202,2.0
6203,1.0
6204,6.0
6205,1.0
6206,1.0
6207,1.0
6208,1.0
6209,4.0
6210,2.0
6212,2.0
6213,33.0
6214,1.0
6215,1.0
6216,1.0
6217,9.0
6218,3.0
6219,1.0
6221,1.0
6222,1.0
6223,4.0
6224,1.0
6225,12.0
6226,2.0
6227,15.0
6228,2.0
6229,66.0
6230,2.0
6231,1.0
6232,1.0
6233,15.0
6234,2.0
6235,3.0
6236,2.0
6237,2.0
6239,1.0
6240,2.0
6241,22.0
6242,1.0
6243,12.0
6244,1.0
6245,1.0
6246,2.0
6247,1.0
6248,1.0
6249,2.0
6250,29.0
6251,1.0
6252,1.0
6253,1.0
6254,1.0
6255,1.0
6256,3.0
6257,117.0
6258,2.0
6259,10.0
6261,1.0
6262,36.0
6263,5.0
6264,1.0
6265,12.0
6266,1.0
6267,2.0
6268,66.0
6269,143638.0
6270,1.0
6271,494.0
6272,1.0
6273,9.0
6274,1.0
6275,2.0
6276,1.0
6277,1.0
6278,4.0
6279,8.0
6280,6.0
6281,19.0
6282,1.0
6283,3.0
6284,3.0
6285,1.0
6286,1.0
6287,6.0
6288,3.0
6289,2.0
6290,1.0
6291,3.0
6292,2.0
6293,1.0
6294,1.0
6295,1.0
6296,1.0
6297,7.0
6298,5.0
6299,1.0
6300,1.0
6301,1.0
6302,1.0
6303,1.0
6304,5.0
6305,7.0
6306,3.0
6307,2.0
6308,2.0
6309,1.0
6310,1.0
6311,1.0
6312,876.0
6313,11.0
6314,2.0
6315,1.0
6316,8859.0
6317,1.0
6318,2.0
6319,2.0
6320,1583846.0
6321,1.0
6322,32.0
6323,2.0
6324,3.0
6325,2.0
6326,2.0
6327,4.0
6328,494.0
6329,1.0
6330,2.0
6331,1.0
6332,1.0
6333,1.0
6334,3.0
6335,1.0
6336,7.0
6337,1.0
6338,1.0
6339,11.0
6340,1.0
6341,4.0
6342,1.0
6344,119.0
6345,14.0
6346,3.0
6347,1622.0
6348,9.0
6349,1.0
6350,3.0
6351,1.0
6352,2.0
6353,3.0
6354,10.0
6355,2.0
6356,2.0
6357,2.0
6358,1.0
6359,1.0
6360,1.0
6361,1.0
6362,30.0
6363,16.0
6364,1.0
6365,5.0
6366,3.0
6367,1.0
6368,100.0
6369,1.0
6370,1.0
6371,22.0
6373,557.0
6374,66.0
6375,119.0
6376,142.0
6377,130501.0
6378,1.0
6379,1.0
6380,1.0
6381,144.0
6382,9.0
6383,1.0
6384,3.0
6385,3.0
6386,1.0
6387,14.0
6388,14.0
6389,1.0
6390,1.0
6391,3.0
6393,1.0
6394,3.0
6395,2.0
6396,22.0
6397,18.0
6398,1.0
6399,4.0
6400,7.0
6401,1.0
6402,1.0
6404,1.0
6405,2.0
6406,1.0
6407,1.0
6408,4.0
6409,91.0
6410,1.0
6411,1.0
6412,2.0
6413,1.0
6414,6.0
6415,12.0
6416,2.0
6417,27.0
6418,1.0
6419,8.0
6420,2.0
6421,2.0
6422,1.0
6423,18.0
6424,4.0
6425,1.0
6426,8.0
6427,1.0
6428,1.0
6429,4.0
6430,4.0
6431,3.0
6432,1.0
6433,1.0
6434,2.0
6435,1.0
6436,24.0
6438,18.0
6439,1.0
6440,7.0
6441,1.0
6442,1.0
6443,1.0
6444,1.0
6445,1.0
6446,1.0
6447,4.0
6448,1.0
6449,1.0
6450,10.0
6451,1.0
6452,3.0
6453,1.0
6454,2.0
6455,1.0
6456,1.0
6457,5.0
6458,1.0
6459,2.0
6460,2.0
6461,1.0
6462,2.0
6463,1.0
6464,44.0
6465,1.0
6466,1.0
6467,1.0
6468,1.0
6469,2.0
6470,1.0
6471,1.0
6472,5663.0
6473,2.0
6474,1.0
6475,1.0
6476,1.0
6477,2.0
6478,2.0
6479,1.0
6480,2.0
6481,1.0
6482,1.0
6483,1.0
6484,324.0
6485,2.0
6486,2.0
6487,33.0
6488,2.0
6489,2.0
6490,1.0
6491,149.0
6492,30.0
6493,1.0
6494,9.0
6495,5.0
6496,2.0
6497,1.0
6498,1.0
6499,6.0
6500,18.0
6501,1.0
6502,1.0
6503,25.0
6504,876.0
6505,1.0
6506,2.0
6507,6.0
6508,12.0
6509,1.0
6510,9.0
6511,1.0
6512,1.0
6513,3.0
6514,51.0
6515,1.0
6516,2.0
6517,3.0
6518,1.0
6519,577.0
6520,1.0
6521,1.0
6522,4.0
6523,11.0
6524,2.0
6525,41.0
6526,8.0
6527,100.0
6528,6.0
6529,17.0
6530,1.0
6531,10003.0
6532,1.0
6533,5.0
6534,1.0
6535,19.0
6536,1.0
6537,2.0
6538,2.0
6539,26.0
6540,1.0
6541,1.0
6542,1.0
6543,1.0
6544,1.0
6545,1.0
6546,2.0
6547,1.0
6548,1.0
6549,2.0
6550,1.0
6551,2.0
6552,2.0
6553,3.0
6554,107.0
6555,3477.0
6556,5.0
6557,1159.0
6558,1.0
6559,3.0
6560,12000.0
6561,22.0
6562,3.0
6563,1.0
6564,18.0
6565,1.0
6566,1.0
6567,3.0
6568,1.0
6569,3.0
6570,1.0
6571,239.0
6572,1.0
6573,1.0
6574,2316.0
6575,6.0
6576,1.0
6577,20.0
6578,42.0
6579,2.0
6580,1.0
6581,2.0
6582,1.0
6583,1.0
6584,2.0
6585,1.0
6586,1.0
6587,5.0
6588,22.0
6589,9.0
6590,9.0
6591,29.0
6592,1699.0
6593,1.0
6594,4.0
6595,2.0
6596,8.0
6598,2.0
6599,1.0
6601,577.0
6602,1.0
6603,3.0
6604,7.0
6605,4.0
6606,1.0
6607,1.0
6608,1.0
6609,1.0
6610,2.0
6611,29.0
6612,226.0
6613,7.0
6614,1.0
6615,93.0
6616,1.0
6617,3.0
6618,3.0
6619,1.0
6620,1.0
6621,9.0
6622,1.0
6623,29.0
6624,1.0
6625,5.0
6626,2.0
6627,2316.0
6628,11.0
6629,1.0
6630,5.0
6631,4.0
6632,1.0
6633,9.0
6635,1.0
6636,1.0
6637,21.0
6638,1.0
6639,11.0
6640,1.0
6641,2.0
6642,2.0
6643,2.0
6644,21.0
6645,3.0
6646,1.0
6647,119.0
6648,1.0
6649,1.0
6650,42.0
6651,1.0
6652,174.0
6653,1.0
6654,2.0
6655,37.0
6656,2.0
6657,1.0
6658,1.0
6659,1.0
6660,3.0
6661,1.0
6662,1.0
6663,107.0
6664,4.0
6665,7.0
6666,5.0
6667,1.0
6668,1.0
6669,4.0
6670,15.0
6671,18.0
6672,31.0
6673,1.0
6674,1.0
6675,1.0
6676,1.0
6677,4.0
6678,1.0
6679,4.0
6680,1.0
6681,1.0
6682,1.0
6683,2.0
6684,38.0
6685,2316.0
6686,1.0
6687,1.0
6688,1.0
6689,1.0
6690,17.0
6691,4.0
6692,16.0
6693,12.0
6694,1.0
6695,8.0
6696,430.0
6697,1.0
6698,1.0
6699,2.0
6700,2.0
6701,1.0
6702,39.0
6703,12.0
6704,20.0
6705,2.0
6706,1.0
6707,2.0
6708,4.0
6709,1.0
6710,1.0
6711,1.0
6712,5.0
6713,5931.0
6714,1.0
6715,246.0
6717,2.0
6718,1.0
6719,1.0
6720,687.0
6721,76.0
6722,3.0
6723,1.0
6724,8.0
6725,3.0
6726,3.0
6727,1.0
6730,3.0
6731,1.0
6732,33.0
6733,1.0
6734,5.0
6735,1.0
6736,1.0
6737,1.0
6738,3.0
6739,1.0
6740,1.0
6741,1.0
6742,2.0
6743,2.0
6744,5.0
6745,1.0
6746,2.0
6747,10.0
6748,1.0
6749,1.0
6750,2.0
6751,4.0
6752,246.0
6753,1.0
6754,5.0
6755,1.0
6756,52.0
6757,1.0
6758,2.0
6759,20.0
6760,12.0
6761,1.0
6762,2.0
6763,1.0
6764,1.0
6765,335.0
6766,2.0
6767,1.0
6768,1.0
6769,5.0
6770,1.0
6771,2.0
6772,1.0
6773,1.0
6774,4.0
6775,1.0
6776,1.0
6777,1.0
6778,14.0
6779,3.0
6780,7.0
6781,1.0
6782,650.0
6783,4.0
6784,1.0
6785,4.0
6786,2.0
6787,2.0
6788,16.0
6789,1.0
6790,1.0
6791,1.0
6792,2.0
6793,1.0
6794,1.0
6795,3.0
6796,1.0
6797,1.0
6798,1.0
6799,1.0
6800,4.0
6801,4.0
6802,1.0
6803,2.0
6804,10.0
6805,1.0
6806,2.0
6807,9.0
6808,3.0
6809,7.0
6810,1.0
6811,1.0
6812,2.0
6813,3.0
6814,1.0
6815,1.0
6816,5.0
6817,1.0
6818,2.0
6819,1.0
6820,2.0
6821,1.0
6822,24650.0
6823,1.0
6824,3.0
6825,2.0
6826,2.0
6827,1.0
6828,1.0
6829,336.0
6830,1.0
6831,1.0
6832,8.0
6833,200.0
6834,1.0
6835,4.0
6836,1.0
6837,1.0
6838,2.0
6839,1.0
6840,1.0
6841,2.0
6842,9.0
6843,1.0
6844,2.0
6846,4.0
6847,2.0
6848,1.0
6849,3477.0
6850,561.0
6851,56.0
6852,226.0
6853,1.0
6854,246.0
6855,2.0
6856,8.0
6857,32.0
6858,1.0
6859,3.0
6860,1.0
6861,1.0
6862,1.0
6863,1.0
6864,1.0
6865,1.0
6866,3.0
6867,1.0
6868,1.0
6869,1.0
6870,1.0
6871,650.0
6872,16.0
6873,1.0
6875,3.0
6876,1.0
6877,1.0
6878,16.0
6879,2.0
6880,10.0
6882,1.0
6883,1.0
6884,11.0
6885,42.0
6886,2.0
6887,1.0
6888,3.0
6889,2.0
6890,39.0
6891,1.0
6892,2.0
6893,14.0
6894,1.0
6895,2.0
6896,27.0
6897,2.0
6898,26.0
6899,2.0
6900,2.0
6901,1.0
6902,2.0
6903,367.0
6904,7.0
6905,5.0
6906,4.0
6907,1.0
6908,1.0
6909,1.0
6910,1.0
6911,1.0
6912,1.0
6913,1.0
6914,4.0
6915,1.0
6916,10.0
6917,1.0
6918,1181.0
6919,1.0
6920,1.0
6921,2.0
6922,3.0
6923,3.0
6924,5.0
6925,28.0
6926,12.0
6927,4.0
6928,10.0
6929,1.0
6931,24.0
6932,3.0
6933,1.0
6934,1.0
6935,5.0
6936,1.0
6937,5.0
6938,1.0
6940,1.0
6941,5.0
6942,5.0
6943,10.0
6944,1.0
6945,1.0
6946,2.0
6947,1707.0
6948,9075.0
6949,3.0
6950,11.0
6951,1.0
6952,1.0
6953,1.0
6954,3.0
6955,9.0
6956,1.0
6957,1.0
6958,4.0
6959,6.0
6960,1.0
6961,2.0
6962,1.0
6963,1.0
6964,1.0
6965,1.0
6966,12.0
6967,3.0
6968,16.0
6969,8.0
6970,1.0
6971,1.0
6972,1.0
6973,20.0
6974,1.0
6975,12392.0
6976,650.0
6977,1.0
6978,50.0
6979,3.0
6980,1.0
6981,11.0
6982,3.0
6983,19.0
6985,1.0
6986,1.0
6987,1.0
6988,3.0
6989,1.0
6990,2.0
6991,2.0
6992,2.0
6993,1.0
6994,2.0
6995,1.0
6996,5.0
6997,1.0
6998,3.0
6999,15.0
7000,2.0
7001,6.0
7002,11.0
7003,1.0
7005,5.0
7006,83.0
7007,6.0
7008,3.0
7009,1.0
7010,837.0
7011,1.0
7012,1.0
7013,851.0
7014,1.0
7015,1.0
7016,1.0
7017,2.0
7018,24.0
7019,26.0
7020,1.0
7021,1.0
7022,1.0
7023,1.0
7024,1.0
7025,1.0
7026,2.0
7027,16.0
7028,14.0
7029,3.0
7030,3.0
7031,2.0
7032,1.0
7033,2.0
7034,1.0
7035,5.0
7036,2.0
7037,4.0
7038,44.0
7039,4.0
7040,4.0
7041,1622.0
7042,5.0
7043,1.0
7044,1.0
7045,1.0
7046,2.0
7047,1.0
7048,1.0
7049,7.0
7050,1.0
7051,673.0
7052,1.0
7053,2.0
7054,36.0
7055,1.0
7056,2.0
7057,6.0
7058,5.0
7059,1.0
7060,1.0
7061,1.0
7062,8.0
7063,1.0
7064,3.0
7065,19.0
7066,3.0
7067,2.0
7068,2.0
7069,2.0
7070,39.0
7071,3.0
7072,1.0
7073,1.0
7074,11.0
7075,3.0
7076,24.0
7077,1.0
7078,1.0
7079,4.0
7080,2.0
7081,1.0
7082,3.0
7083,1.0
7084,2.0
7085,1.0
7086,1.0
7087,1.0
7088,9.0
7089,1.0
7090,3.0
7091,2.0
7092,1.0
7093,8.0
7094,16.0
7095,1.0
7097,3.0
7098,1.0
7099,2.0
7100,3.0
7101,1.0
7102,1.0
7103,1.0
7104,24.0
7105,14.0
7106,1.0
7107,3.0
7108,3.0
7109,7.0
7110,2.0
7111,2.0
7112,1.0
7113,3.0
7114,2.0
7115,1.0
7116,1.0
7117,1.0
7118,1.0
7120,1.0
7121,43.0
7122,1.0
7123,3.0
7124,27.0
7125,22.0
7126,5.0
7127,1.0
7128,1.0
7129,14.0
7130,1.0
7131,1897.0
7132,1.0
7133,2.0
7134,1.0
7135,1.0
7136,1.0
7137,1.0
7138,1.0
7139,3.0
7140,2.0
7141,4.0
7142,1.0
7144,2.0
7145,1.0
7146,9.0
7147,1.0
7148,4.0
7149,1.0
7150,16.0
7151,2.0
7152,3.0
7153,1.0
7154,2.0
7155,130.0
7156,4.0
7157,851.0
7158,1.0
7159,5.0
7160,1.0
7161,1.0
7162,1.0
7163,4.0
7164,203.0
7166,203.0
7167,1.0
7168,15.0
7169,9.0
7170,4.0
7171,1.0
7172,4.0
7173,1.0
7174,9.0
7175,1.0
7176,6.0
7177,1083.0
7178,1.0
7179,1.0
7180,5.0
7181,119.0
7183,34.0
7184,1.0
7185,1.0
7186,7.0
7187,1.0
7188,2.0
7189,1.0
7190,372.0
7191,17.0
7192,10.0
7193,1.0
7194,5.0
7195,26.0
7196,4.0
7197,2032.0
7198,1.0
7199,2.0
7200,2.0
7201,1.0
7203,1.0
7204,2.0
7205,2.0
7206,1.0
7207,1.0
7208,4.0
7209,63.0
7210,1.0
7211,2.0
7212,1.0
7213,10.0
7214,13.0
7215,18.0
7216,1.0
7217,2.0
7218,1.0
7219,2.0
7220,2.0
7221,1.0
7222,4.0
7223,9.0
7224,16.0
7225,239.0
7226,33.0
7227,5.0
7228,1.0
7229,1.0
7230,16.0
7231,1.0
7232,1.0
7233,1.0
7234,2.0
7235,3.0
7236,2.0
7237,2.0
7238,2.0
7239,3.0
7240,2.0
7241,10488.0
7242,24.0
7243,83.0
7244,1.0
7245,3.0
7246,2.0
7247,15.0
7248,5.0
7249,1.0
7250,1.0
7251,4.0
7252,1506.0
7253,1.0
7254,1.0
7255,20.0
7256,7.0
7257,1.0
7258,14.0
7259,2.0
7260,7.0
7261,2.0
7262,1.0
7263,8.0
7264,1.0
7265,1.0
7266,837.0
7267,1.0
7268,5.0
7269,2.0
7270,11.0
7271,1.0
7272,1.0
7273,1.0
7274,1.0
7275,3.0
7276,3.0
7277,53.0
7278,27.0
7279,1.0
7280,1.0
7281,1.0
7282,3.0
7283,1.0
7284,2.0
7285,1.0
7286,1.0
7287,10.0
7288,9.0
7289,17.0
7290,2.0
7291,1.0
7292,1.0
7293,1.0
7294,2.0
7295,2.0
7296,11.0
7297,1.0
7298,2.0
7299,21375.0
7300,2.0
7301,2.0
7302,1.0
7303,1.0
7304,1.0
7305,1.0
7306,2.0
7307,12.0
7308,4.0
7309,1.0
7310,2.0
7311,5.0
7312,1.0
7313,1.0
7314,1.0
7315,1.0
7316,2.0
7317,3.0
7318,1.0
7319,3.0
7320,3.0
7321,1.0
7322,4651.0
7323,13.0
7324,1.0
7325,1.0
7326,1.0
7327,1.0
7328,1.0
7329,1.0
7330,1.0
7331,1.0
7332,2.0
7333,31.0
7334,1.0
7335,66.0
7336,18.0
7337,19.0
7338,2.0
7339,4.0
7340,1.0
7341,1.0
7342,1.0
7343,1.0
7344,9.0
7345,374.0
7346,1.0
7347,1.0
7348,5.0
7349,1.0
7350,2.0
7351,149.0
7352,1.0
7353,2.0
7354,12.0
7355,1.0
7356,3.0
7357,15.0
7358,6.0
7359,1.0
7360,1.0
7361,1.0
7362,32461.0
7363,2.0
7364,1.0
7365,827.0
7366,1.0
7367,1.0
7368,38.0
7369,1.0
7370,1.0
7371,3.0
7372,1.0
7373,1.0
7374,1.0
7375,66.0
7376,2.0
7377,1.0
7378,1.0
7379,1.0
7380,48.0
7381,1.0
7382,1.0
7383,4.0
7384,3.0
7385,1.0
7386,11.0
7387,3.0
7388,1.0
7389,1.0
7390,1.0
7391,1.0
7392,1.0
7393,1.0
7394,5.0
7395,4.0
7396,2.0
7397,7.0
7398,16.0
7399,1.0
7400,7.0
7401,2.0
7402,1.0
7403,1.0
7404,2.0
7405,22.0
7406,6.0
7407,5.0
7408,25.0
7409,362.0
7410,143638.0
7411,2.0
7412,2.0
7413,11.0
7414,1.0
7415,1.0
7416,3.0
7417,1.0
7418,1.0
7419,1083.0
7420,10.0
7421,1.0
7422,3.0
7423,1.0
7424,1.0
7425,2.0
7426,1.0
7427,1.0
7428,1.0
7429,2.0
7430,1.0
7431,2.0
7432,1.0
7433,1.0
7434,1.0
7435,2.0
7436,1.0
7437,2.0
7438,1.0
7439,6.0
7440,1.0
7441,1.0
7443,7.0
7444,1.0
7445,3.0
7446,1.0
7447,2.0
7448,2.0
7449,1.0
7450,1.0
7451,20.0
7452,42.0
7453,3.0
7454,1.0
7455,1.0
7456,1.0
7457,2.0
7458,1.0
7459,4.0
7460,1.0
7461,11.0
7462,3.0
7463,1.0
7464,20.0
7465,2.0
7466,5.0
7467,1699.0
7468,8.0
7469,2.0
7470,581.0
7471,2.0
7472,2.0
7473,1.0
7474,15.0
7475,1.0
7476,2.0
7477,1622.0
7478,1.0
7479,2.0
7480,2.0
7481,1.0
7482,8859.0
7483,4.0
7484,1.0
7485,1.0
7486,3.0
7487,3.0
7488,1.0
7489,8.0
7490,1.0
7491,2.0
7492,6.0
7493,1.0
7494,1.0
7495,24.0
7496,2.0
7497,19.0
7498,1.0
7499,1.0
7500,8.0
7501,1.0
7502,361.0
7503,1.0
7504,1.0
7505,1.0
7506,1.0
7507,2.0
7508,336.0
7509,1.0
7510,1.0
7511,1.0
7512,2.0
7513,2.0
7514,2.0
7515,1.0
7516,1.0
7517,335.0
7518,2.0
7519,1.0
7520,1.0
7521,2.0
7522,1.0
7523,1.0
7524,2.0
7525,4.0
7526,1.0
7527,1.0
7528,1.0
7529,1.0
7530,1.0
7531,1.0
7532,1.0
7533,2.0
7534,8062.0
7535,1.0
7536,2.0
7537,12142.0
7538,1.0
7539,1.0
7540,14.0
7541,180.0
7542,1.0
7543,2643.0
7544,1.0
7545,1.0
7546,2.0
7547,2.0
7548,4.0
7549,1.0
7550,2.0
7551,1.0
7552,9.0
7553,4.0
7554,3.0
7555,3.0
7556,4.0
7557,1.0
7558,2.0
7559,1.0
7560,2.0
7561,5.0
7563,1296.0
7564,32.0
7565,2.0
7566,6.0
7567,1.0
7568,876.0
7569,1.0
7570,11.0
7571,1.0
7572,39.0
7573,1.0
7574,5.0
7575,1.0
7576,5.0
7577,1.0
7578,2.0
7579,6.0
7580,1.0
7581,10.0
7582,78.0
7583,3.0
7584,336.0
7585,5.0
7586,2.0
7587,1.0
7588,3.0
7589,1.0
7590,1.0
7591,1.0
7592,1.0
7593,1.0
7594,1.0
7595,1.0
7596,1.0
7597,851.0
7599,27.0
7600,11.0
7601,1.0
7602,1.0
7603,2.0
7604,1181.0
7605,1.0
7606,1.0
7608,5.0
7609,2.0
7610,1.0
7611,5.0
7612,1.0
7613,1.0
7614,1.0
7615,9.0
7616,2.0
7617,8.0
7618,1.0
7619,2.0
7620,1.0
7621,7.0
7622,1.0
7623,1.0
7624,1.0
7625,1.0
7626,1.0
7627,1.0
7628,14.0
7629,2.0
7630,5.0
7631,6.0
7633,5.0
7634,4.0
7635,2.0
7636,2.0
7637,5.0
7638,1.0
7639,33.0
7640,16.0
7641,1.0
7642,1.0
7643,14.0
7644,4.0
7645,22.0
7646,4.0
7647,722.0
7648,15.0
7649,1.0
7650,1.0
7651,42.0
7652,1.0
7653,12.0
7655,4.0
7656,1.0
7657,1.0
7658,1.0
7659,1.0
7660,75.0
7661,6.0
7662,1.0
7663,1.0
7664,1.0
7665,1.0
7666,5.0
7667,1.0
7669,2.0
7670,2.0
7671,5.0
7672,2.0
7673,4.0
7675,5.0
7676,1.0
7677,1.0
7678,2.0
7679,97.0
7680,8.0
7681,1.0
7682,1.0
7683,3.0
7684,1.0
7685,862.0
7686,1.0
7687,1.0
7688,9.0
7689,119.0
7690,1.0
7691,5.0
7692,2.0
7693,1.0
7694,1.0
7695,1.0
7696,11.0
7697,1.0
7698,1.0
7699,2.0
7700,1.0
7701,8.0
7702,1.0
7703,38579.0
7704,5.0
7705,2.0
7706,16.0
7707,1.0
7708,3.0
7709,5.0
7710,1.0
7711,2.0
7712,2.0
7713,3.0
7714,1.0
7715,1.0
7716,2.0
7717,97.0
7718,14259.0
7719,2.0
7720,4.0
7721,1.0
7722,9724.0
7723,919.0
7724,1.0
7725,2.0
7726,2.0
7727,12392.0
7728,5.0
7729,3.0
7730,1.0
7732,18.0
7733,1.0
7734,6175.0
7735,226.0
7736,1.0
7737,1.0
7738,2.0
7739,1.0
7740,1.0
7741,38.0
7742,2.0
7743,8.0
7744,3.0
7745,27.0
7746,1.0
7747,530.0
7748,2.0
7749,1.0
7750,1.0
7751,2.0
7752,6.0
7753,1.0
7754,1.0
7755,1.0
7756,69.0
7757,1.0
7758,33.0
7759,335.0
7760,5.0
7761,12.0
7762,1.0
7763,1.0
7764,26.0
7765,2.0
7766,3.0
7767,6.0
7768,1.0
7769,1.0
7770,1.0
7771,3.0
7772,1.0
7773,6.0
7774,9.0
7775,1.0
7776,1.0
7777,3.0
7778,6.0
7779,27.0
7780,2.0
7781,8062.0
7782,1.0
7783,9.0
7784,20.0
7785,20.0
7786,1.0
7787,1.0
7788,2.0
7789,62.0
7790,1.0
7791,3.0
7792,111.0
7793,3.0
7794,9075.0
7795,1.0
7796,1.0
7797,3.0
7798,3.0
7799,2.0
7800,1.0
7801,11.0
7802,1.0
7803,7.0
7804,149.0
7805,4.0
7806,1.0
7807,4.0
7808,1.0
7809,1.0
7810,2.0
7811,1.0
7812,3.0
7813,1.0
7814,2316.0
7815,851.0
7816,2.0
7817,577.0
7818,44.0
7819,5.0
7820,1.0
7821,1.0
7822,4.0
7823,3477.0
7824,9.0
7825,1.0
7826,2.0
7827,1.0
7828,851.0
7829,3.0
7830,26.0
7831,1.0
7832,6.0
7833,1.0
7834,1.0
7835,1.0
7836,1.0
7837,3.0
7838,11.0
7839,2.0
7840,3.0
7841,2.0
7842,3.0
7843,33.0
7844,8.0
7845,1.0
7846,2.0
7848,42.0
7850,4.0
7851,1.0
7852,1.0
7853,1.0
7854,1.0
7855,2.0
7856,4.0
7857,1.0
7858,1.0
7859,1.0
7860,1.0
7861,4.0
7863,5.0
7864,1.0
7865,1.0
7866,33.0
7867,1.0
7868,2.0
7869,1.0
7870,1.0
7871,5.0
7872,14.0
7873,2.0
7874,851.0
7875,6.0
7876,2.0
7877,17.0
7878,116.0
7879,4.0
7880,8.0
7881,2.0
7882,1.0
7883,4.0
7884,7.0
7885,1.0
7886,2.0
7887,3.0
7888,3.0
7889,1.0
7890,2.0
7891,3.0
7892,1.0
7893,2.0
7894,1.0
7895,2.0
7896,1.0
7897,6.0
7898,83.0
7899,1.0
7900,1.0
7901,5.0
7902,1.0
7903,1.0
7904,2.0
7905,1.0
7906,2.0
7907,1.0
7908,3.0
7909,1.0
7910,1.0
7911,2.0
7912,1.0
7913,3.0
7914,3477.0
7915,76.0
7916,1.0
7917,2.0
7918,2.0
7919,4.0
7920,1.0
7921,1.0
7922,1.0
7923,4.0
7924,68.0
7925,1.0
7926,7.0
7927,2.0
7928,2.0
7929,3.0
7930,2.0
7931,1.0
7932,2.0
7933,1.0
7934,19.0
7935,1.0
7936,1.0
7937,110184.0
7938,203.0
7939,2.0
7940,1.0
7941,3.0
7942,1.0
7943,1.0
7944,1.0
7945,1.0
7946,26.0
7947,8062.0
7948,44.0
7949,45.0
7950,2.0
7951,1.0
7952,1.0
7953,1.0
7954,5.0
7955,1.0
7956,1.0
7957,87.0
7958,1.0
7959,1.0
7960,5.0
7961,18.0
7962,3.0
7963,31.0
7964,119.0
7965,1.0
7966,1.0
7968,1.0
7969,22.0
7970,2.0
7971,1.0
7972,13.0
7973,3.0
7974,1.0
7975,1.0
7976,1.0
7977,1.0
7978,50.0
7979,1.0
7980,1.0
7981,2.0
7982,1.0
7983,16.0
7984,1.0
7985,15.0
7986,1.0
7987,1.0
7988,9.0
7989,1.0
7990,15.0
7991,1.0
7992,15.0
7993,1.0
7994,1.0
7995,1.0
7996,1.0
7997,2.0
7998,25.0
7999,1.0
8000,2.0
8001,2.0
8002,7.0
8003,1.0
8004,1.0
8005,1.0
8006,3.0
8007,1.0
8008,3.0
8009,1.0
8010,1.0
8011,17655.0
8012,1.0
8013,1.0
8014,7.0
8015,146.0
8016,30.0
8017,3.0
8018,1.0
8019,1.0
8020,7.0
8021,1.0
8022,5.0
8023,5.0
8024,10.0
8025,1.0
8026,1.0
8027,2.0
8028,1.0
8029,1.0
8030,3.0
8031,851.0
8032,2.0
8033,22.0
8034,1.0
8035,18.0
8036,9.0
8037,1.0
8038,1.0
8039,2.0
8040,3.0
8041,1.0
8042,1.0
8043,18.0
8044,11.0
8045,119.0
8046,1.0
8047,3.0
8048,5.0
8049,1.0
8050,4.0
8051,29.0
8053,1.0
8054,3.0
8055,1.0
8056,1.0
8057,8.0
8058,1.0
8059,1.0
8060,7.0
8061,2.0
8062,4.0
8063,1.0
8064,1.0
8065,4.0
8066,2.0
8067,21.0
8068,1.0
8069,2.0
8070,1.0
8071,1.0
8072,220202.0
8073,3.0
8074,1.0
8075,1.0
8076,1.0
8077,1.0
8079,1.0
8080,1.0
8081,2.0
8082,1.0
8083,1.0
8084,1.0
8085,1.0
8086,3.0
8087,2.0
8088,107.0
8089,1.0
8090,6.0
8091,12.0
8092,1.0
8093,1.0
8094,4.0
8095,11.0
8096,1.0
8097,3.0
8098,2.0
8099,4.0
8100,2316.0
8101,1.0
8102,1.0
8103,18.0
8104,851.0
8105,1.0
8106,4.0
8107,2.0
8108,1.0
8109,1.0
8110,3.0
8111,2.0
8112,1.0
8113,1.0
8114,4.0
8115,4.0
8116,3.0
8117,1.0
8118,1.0
8119,2.0
8120,1.0
8121,1.0
8122,110184.0
8123,7.0
8124,1.0
8125,3.0
8126,1.0
8127,1.0
8128,7.0
8129,1.0
8130,3.0
8131,8.0
8132,1.0
8133,11.0
8134,2.0
8135,14.0
8136,2.0
8137,2.0
8138,3.0
8139,7.0
8140,6.0
8141,1.0
8142,203.0
8143,1.0
8144,256.0
8145,5.0
8146,1.0
8147,1.0
8148,10.0
8149,1.0
8150,1.0
8151,2.0
8152,2.0
8153,1.0
8154,1.0
8155,9.0
8156,415.0
8157,1.0
8159,1.0
8160,1.0
8161,2.0
8162,4.0
8163,2.0
8164,1.0
8165,2965.0
8166,1.0
8167,7.0
8168,1.0
8169,2.0
8170,2.0
8171,10.0
8172,1.0
8173,1.0
8174,10.0
8175,1.0
8176,130.0
8177,2.0
8178,9.0
8179,1.0
8180,3.0
8181,5.0
8182,1.0
8183,8.0
8184,2.0
8185,1.0
8186,8.0
8187,1.0
8188,7.0
8189,1.0
8190,5.0
8191,1.0
8192,1.0
8193,7.0
8194,864.0
8195,6.0
8196,1.0
8197,1.0
8198,3.0
8199,1506.0
8200,2.0
8201,2.0
8202,2.0
8203,5.0
8204,4.0
8205,5.0
8206,1.0
8207,22.0
8208,15.0
8209,2.0
8210,1.0
8211,3.0
8212,3.0
8213,1.0
8214,1.0
8215,11.0
8216,4.0
8217,14.0
8218,9.0
8219,1.0
8220,1.0
8221,1.0
8222,1.0
8223,1.0
8224,49.0
8225,1.0
8226,2.0
8227,1147.0
8228,1.0
8229,4.0
8230,1.0
8231,2.0
8232,362.0
8233,3.0
8234,12.0
8235,1.0
8236,58.0
8237,1.0
8239,1.0
8240,5.0
8241,1.0
8243,1.0
8244,1.0
8245,5.0
8246,31.0
8247,2.0
8248,1.0
8249,8.0
8250,1.0
8251,1.0
8252,1.0
8253,2.0
8254,3.0
8255,26.0
8256,4.0
8257,1.0
8258,1.0
8259,4.0
8261,1.0
8262,12.0
8263,1.0
8264,3.0
8265,1.0
8266,1.0
8267,1.0
8268,2.0
8269,1.0
8270,1.0
8271,2.0
8272,1.0
8273,1.0
8274,7.0
8275,10.0
8276,16.0
8277,1.0
8278,1.0
8279,9.0
8280,2.0
8281,1.0
8282,33.0
8283,56.0
8284,4.0
8285,1.0
8287,1.0
8288,149.0
8289,24650.0
8290,9.0
8291,3477.0
8292,6.0
8293,1.0
8294,1.0
8295,1.0
8296,2285.0
8297,1.0
8298,24.0
8299,12.0
8300,1.0
8301,2316.0
8302,1.0
8303,5.0
8304,1.0
8305,2.0
8306,17.0
8307,91.0
8308,1.0
8309,1.0
8311,1.0
8312,14.0
8313,50.0
8314,1.0
8315,1.0
8316,1.0
8317,1.0
8318,2.0
8319,1.0
8320,119.0
8321,1.0
8322,1.0
8323,1.0
8324,1.0
8325,1.0
8326,1.0
8327,1.0
8328,1.0
8329,1.0
8330,1.0
8331,1.0
8332,1.0
8333,1.0
8334,1.0
8335,2.0
8336,2.0
8337,2.0
8338,2.0
8339,29.0
8340,6.0
8341,2.0
8342,2.0
8343,3.0
8344,1.0
8345,2.0
8346,1.0
8347,3.0
8348,29.0
8349,3.0
8350,8.0
8351,5.0
8352,1.0
8353,2.0
8354,16.0
8355,1.0
8356,2.0
8357,1.0
8358,2.0
8360,22.0
8361,2.0
8362,1.0
8363,1.0
8364,19.0
8365,16.0
8366,1.0
8368,36.0
8369,2.0
8370,5.0
8371,42.0
8372,2.0
8373,1.0
8374,1.0
8375,2.0
8376,1.0
8377,12.0
8378,2.0
8379,53.0
8380,2.0
8381,1.0
8382,1.0
8383,1.0
8384,1.0
8386,2045.0
8387,4.0
8388,1.0
8389,1.0
8390,1.0
8391,6.0
8392,1.0
8393,1.0
8394,1.0
8395,2.0
8396,1.0
8397,1.0
8398,2.0
8399,1.0
8400,4.0
8401,1.0
8402,21.0
8403,2.0
8404,3.0
8405,20.0
8406,13.0
8407,426.0
8408,1.0
8409,2.0
8410,2.0
8411,1.0
8412,1.0
8413,26.0
8414,1.0
8415,2.0
8416,1.0
8417,5.0
8418,1.0
8419,362.0
8420,3.0
8421,12392.0
8422,9.0
8423,1.0
8424,1.0
8425,1.0
8426,1.0
8427,1.0
8428,2.0
8429,1.0
8430,2.0
8431,1.0
8432,2.0
8433,1.0
8434,1.0
8435,4.0
8436,2.0
8437,6.0
8438,4.0
8439,2.0
8440,4.0
8441,1.0
8442,1.0
8443,1.0
8444,24650.0
8445,3.0
8446,1.0
8447,1.0
8448,1.0
8449,1.0
8450,1.0
8451,1.0
8452,8.0
8453,1.0
8454,1.0
8455,5931.0
8456,2.0
8457,3.0
8459,2.0
8460,33.0
8461,1.0
8462,3.0
8463,1.0
8464,2.0
8465,1.0
8466,1.0
8467,3.0
8468,3.0
8470,5.0
8471,11.0
8472,1.0
8473,45.0
8474,1.0
8475,66.0
8476,220202.0
8477,75.0
8478,8.0
8479,2.0
8480,7.0
8481,1.0
8482,1.0
8483,1.0
8484,4.0
8485,11.0
8486,2.0
8487,1.0
8488,1.0
8489,18.0
8490,3.0
8491,1.0
8492,7.0
8493,1.0
8494,1.0
8495,1.0
8496,53.0
8497,2.0
8498,2.0
8499,3.0
8500,19.0
8501,18.0
8502,7.0
8503,9.0
8504,3.0
8505,5.0
8506,226.0
8508,217.0
8509,4.0
8510,1.0
8511,2.0
8512,8.0
8513,1.0
8514,12.0
8515,1.0
8516,11.0
8517,20791.0
8518,1.0
8519,10.0
8520,1.0
8521,1.0
8522,1.0
8523,1.0
8524,1.0
8525,1.0
8526,8.0
8527,4.0
8528,6.0
8529,1.0
8530,1.0
8531,335.0
8532,2.0
8533,12392.0
8534,1.0
8535,1.0
8536,1.0
8537,1.0
8539,2.0
8540,5.0
8541,1.0
8542,2.0
8543,3.0
8544,1.0
8545,7.0
8546,6.0
8547,3.0
8548,34.0
8549,3.0
8550,3.0
8551,3.0
8552,1.0
8553,21.0
8554,120.0
8555,1.0
8556,4.0
8557,8.0
8558,2.0
8559,3.0
8560,1.0
8561,42.0
8562,1.0
8563,1.0
8564,1.0
8565,1.0
8566,11.0
8567,2.0
8568,1.0
8569,15.0
8570,1.0
8571,1.0
8572,5.0
8573,5.0
8574,1.0
8575,1.0
8576,15.0
8577,1.0
8578,2.0
8579,1.0
8580,2.0
8581,4.0
8582,6.0
8583,30.0
8584,5.0
8585,1.0
8586,14.0
8587,25.0
8589,1.0
8590,1.0
8591,1.0
8592,362.0
8593,7.0
8594,1.0
8595,44.0
8596,2.0
8597,2620.0
8598,2.0
8599,3.0
8600,1.0
8601,1.0
8602,3.0
8603,1.0
8604,1.0
8605,35.0
8607,1.0
8608,6.0
8609,1.0
8610,1.0
8611,16.0
8612,25.0
8613,1.0
8614,9.0
8615,2.0
8616,3.0
8617,1.0
8618,5.0
8619,3.0
8620,1.0
8621,18.0
8622,1.0
8623,1.0
8624,1.0
8625,26.0
8626,1.0
8627,90.0
8628,1.0
8629,1.0
8630,1.0
8632,1.0
8633,1.0
8634,22.0
8635,1.0
8636,4.0
8637,2.0
8638,28.0
8639,1.0
8640,1.0
8642,1.0
8643,2.0
8644,3.0
8645,3.0
8646,1.0
8647,5.0
8648,1.0
8649,5.0
8650,4.0
8651,1.0
8652,19.0
8653,3.0
8654,7.0
8655,1.0
8657,4.0
8658,5.0
8659,2.0
8660,1.0
8661,2.0
8662,2.0
8663,1.0
8664,2.0
8665,9.0
8666,1.0
8667,6.0
8668,9.0
8669,1.0
8670,2.0
8671,2.0
8672,4.0
8674,7.0
8675,83.0
8676,1.0
8677,1.0
8678,1.0
8679,1.0
8680,2.0
8681,1.0
8682,1.0
8683,20.0
8684,1.0
8685,1.0
8686,27.0
8687,2.0
8688,1.0
8689,1.0
8690,2.0
8691,1.0
8692,5.0
8693,1.0
8694,1.0
8695,1.0
8696,2.0
8697,1.0
8698,2.0
8699,1.0
8700,1.0
8701,6.0
8702,1.0
8703,1.0
8704,1.0
8705,1.0
8706,1.0
8707,1.0
8708,2.0
8709,1.0
8710,2.0
8711,135.0
8712,12882.0
8713,1.0
8714,1.0
8715,25.0
8716,2.0
8717,1.0
8718,3.0
8719,5.0
8720,1.0
8721,1.0
8722,1.0
8723,1.0
8724,8.0
8725,1.0
8726,159.0
8727,6.0
8728,1.0
8729,56.0
8730,19.0
8731,851.0
8732,7.0
8733,2.0
8734,1.0
8735,21.0
8736,1.0
8737,12.0
8738,55.0
8739,1.0
8740,1.0
8741,1.0
8742,2.0
8743,1.0
8744,1.0
8745,78.0
8746,1.0
8747,22.0
8748,2316.0
8749,4.0
8750,2.0
8751,1.0
8752,2.0
8753,2.0
8754,1.0
8755,12.0
8756,10.0
8757,10.0
8758,1.0
8759,1.0
8760,2.0
8761,12.0
8762,1.0
8763,687.0
